ID,Filename,Utterance start time,Estimated Lexical Match,Certainty,Target Letter,Audio Quality Comment,Cluster Status,Cluster ID,curve_c,curve_m,Condition,avg_sim,avg_phon_sim
0005_FZU,VF-001-20170310101810.wav,5,solvogn,3.0,s,low,0,1,13.215209643976404,0.0308346038027079,3,0.79850024,0.5277777777777778
0005_FZU,VF-001-20170310101810.wav,7,,1.0,s,low,1,1,13.215209643976404,0.0308346038027079,3,0.79850024,0.5277777777777778
0005_FZU,VF-001-20170310101810.wav,10,snaps,3.0,s,low,1,1,13.215209643976404,0.0308346038027079,3,0.79850024,0.5277777777777778
0005_FZU,VF-001-20170310101810.wav,15,styrevogn,1.0,s,low,0,2,13.215209643976404,0.0308346038027079,3,0.87953705,0.75
0005_FZU,VF-001-20170310101810.wav,18,skrue,2.0,s,low,1,2,13.215209643976404,0.0308346038027079,3,0.87953705,0.75
0005_FZU,VF-001-20170310101810.wav,27,sovs,3.0,s,low,0,3,13.215209643976404,0.0308346038027079,3,0.8959177,0.6888888888888888
0005_FZU,VF-001-20170310101810.wav,33,solvarm,1.0,s,low,1,3,13.215209643976404,0.0308346038027079,3,0.8959177,0.6888888888888888
0005_FZU,VF-001-20170310101810.wav,45,skib,3.0,s,low,0,4,13.215209643976404,0.0308346038027079,3,0.7624421,0.7092592592592593
0005_FZU,VF-001-20170310101810.wav,51,,1.0,s,low,1,4,13.215209643976404,0.0308346038027079,3,0.7624421,0.7092592592592593
0005_FZU,VF-001-20170310101810.wav,54,solsikke,3.0,s,low,1,4,13.215209643976404,0.0308346038027079,3,0.7624421,0.7092592592592593
0005_FZU,VF-001-20170310101810.wav,56,solsikkefrø,3.0,s,low,1,4,13.215209643976404,0.0308346038027079,3,0.7624421,0.7092592592592593
0005_FZU,VF-001-20170310114125.wav,8,fagter,1.0,f,low,0,1,25.55656983098236,0.0138921741125947,1,0.7981735,0.7314814814814815
0005_FZU,VF-001-20170310114125.wav,9,fagne,1.0,f,low,1,1,25.55656983098236,0.0138921741125947,1,0.7981735,0.7314814814814815
0005_FZU,VF-001-20170310114125.wav,11,,,f,low,1,1,25.55656983098236,0.0138921741125947,1,0.7981735,0.7314814814814815
0005_FZU,VF-001-20170310114125.wav,14,fantom,2.0,f,low,1,1,25.55656983098236,0.0138921741125947,1,0.7981735,0.7314814814814815
0005_FZU,VF-001-20170310114125.wav,19,,,f,low,0,2,25.55656983098236,0.0138921741125947,1,0.9015523,0.8341746031746032
0005_FZU,VF-001-20170310114125.wav,21,fisk,3.0,f,low,1,2,25.55656983098236,0.0138921741125947,1,0.9015523,0.8341746031746032
0005_FZU,VF-001-20170310114125.wav,22,fiskestang,3.0,f,low,1,2,25.55656983098236,0.0138921741125947,1,0.9015523,0.8341746031746032
0005_FZU,VF-001-20170310114125.wav,24,fiskehjul,1.0,f,low,1,2,25.55656983098236,0.0138921741125947,1,0.9015523,0.8341746031746032
0005_FZU,VF-001-20170310114125.wav,27,fiskenet,2.0,f,low,1,2,25.55656983098236,0.0138921741125947,1,0.9015523,0.8341746031746032
0005_FZU,VF-001-20170310114125.wav,29,fiskekrog,3.0,f,low,1,2,25.55656983098236,0.0138921741125947,1,0.9015523,0.8341746031746032
0005_FZU,VF-001-20170310125920.wav,9,kam,1.0,k,low,0,1,8.9080020346041,0.0326931483376675,2,0.88474625,0.5833333333333334
0005_FZU,VF-001-20170310125920.wav,11,krabat,1.0,k,low,1,1,8.9080020346041,0.0326931483376675,2,0.88474625,0.5833333333333334
0005_FZU,VF-001-20170310125920.wav,19,kande,1.0,k,low,0,2,8.9080020346041,0.0326931483376675,2,0.9054678,0.5
0005_FZU,VF-001-20170310125920.wav,24,kammusling,1.0,k,low,1,2,8.9080020346041,0.0326931483376675,2,0.9054678,0.5
0005_FZU,VF-001-20170310125920.wav,35,klatrestativ,3.0,k,low,0,3,8.9080020346041,0.0326931483376675,2,0.9182766,0.5472222222222222
0005_FZU,VF-001-20170310125920.wav,47,kamsteg,2.0,k,low,1,3,8.9080020346041,0.0326931483376675,2,0.9182766,0.5472222222222222
0005_FZU,VF-002-20170310114238.wav,10,bank,3.0,b,low,0,1,13.123844166622463,0.0343135243011546,1,0.6726906,0.6283950617283951
0005_FZU,VF-002-20170310114238.wav,11,bil,3.0,b,low,1,1,13.123844166622463,0.0343135243011546,1,0.6726906,0.6283950617283951
0005_FZU,VF-002-20170310114238.wav,13,bilegistrerring,3.0,b,low,1,1,13.123844166622463,0.0343135243011546,1,0.6726906,0.6283950617283951
0005_FZU,VF-002-20170310114238.wav,15,,,b,low,1,1,13.123844166622463,0.0343135243011546,1,0.6726906,0.6283950617283951
0005_FZU,VF-002-20170310114238.wav,18,,,b,low,1,1,13.123844166622463,0.0343135243011546,1,0.6726906,0.6283950617283951
0005_FZU,VF-002-20170310114238.wav,30,båthorn,3.0,b,low,0,2,13.123844166622463,0.0343135243011546,1,0.75803185,0.6392592592592593
0005_FZU,VF-002-20170310114238.wav,36,blæk,2.0,b,low,1,2,13.123844166622463,0.0343135243011546,1,0.75803185,0.6392592592592593
0005_FZU,VF-002-20170310114238.wav,38,blækhus,3.0,b,low,1,2,13.123844166622463,0.0343135243011546,1,0.75803185,0.6392592592592593
0005_FZU,VF-002-20170310130033.wav,9,tændstik,3.0,t,low,0,2,9.12612225265314,0.0517344368287713,2,0.85735446,0.6666666666666666
0005_FZU,VF-002-20170310130033.wav,10,telt,3.0,t,low,1,2,9.12612225265314,0.0517344368287713,2,0.85735446,0.6666666666666666
0005_FZU,VF-002-20170310130033.wav,15,træ,3.0,t,low,0,3,9.12612225265314,0.0517344368287713,2,0.8204171,0.5476190476190476
0005_FZU,VF-002-20170310130033.wav,20,tollundmand,1.0,t,low,1,3,9.12612225265314,0.0517344368287713,2,0.8204171,0.5476190476190476
0005_FZU,VF-003-20170310102036.wav,1,majs,3.0,m,low,0,1,12.029698747826744,0.0353007809639434,3,0.943423,0.9066666666666667
0005_FZU,VF-003-20170310102036.wav,3,majsmel,3.0,m,low,1,1,12.029698747826744,0.0353007809639434,3,0.943423,0.9066666666666667
0005_FZU,VF-003-20170310102036.wav,6,majstang,2.0,m,low,0,2,12.029698747826744,0.0353007809639434,3,0.9273307,0.611111111111111
0005_FZU,VF-003-20170310102036.wav,7,majroer,3.0,m,low,1,2,12.029698747826744,0.0353007809639434,3,0.9273307,0.611111111111111
0005_FZU,VF-003-20170310102036.wav,28,,,m,low,0,3,12.029698747826744,0.0353007809639434,3,0.839602,0.8666666666666667
0005_FZU,VF-003-20170310102036.wav,31,,,m,low,1,3,12.029698747826744,0.0353007809639434,3,0.839602,0.8666666666666667
0005_FZU,VF-003-20170310102036.wav,32,madkasse,2.0,m,low,1,3,12.029698747826744,0.0353007809639434,3,0.839602,0.8666666666666667
0005_FZU,VF-003-20170310102036.wav,33,mad,2.0,m,low,1,3,12.029698747826744,0.0353007809639434,3,0.839602,0.8666666666666667
0005_FZU,VF-003-20170310114351.wav,1,lam,2.0,l,low,0,1,8.367628328046795,0.04377118237888,1,0.86053485,0.84
0005_FZU,VF-003-20170310114351.wav,3,lammekrone,1.0,l,low,1,1,8.367628328046795,0.04377118237888,1,0.86053485,0.84
0005_FZU,VF-003-20170310114351.wav,13,,,l,low,0,2,8.367628328046795,0.04377118237888,1,0.80974674,0.7185185185185184
0005_FZU,VF-003-20170310114351.wav,18,lagn,1.0,l,low,1,2,8.367628328046795,0.04377118237888,1,0.80974674,0.7185185185185184
0005_FZU,VF-003-20170310114351.wav,19,limpistol,2.0,l,low,1,2,8.367628328046795,0.04377118237888,1,0.80974674,0.7185185185185184
0005_FZU,VF-003-20170310114351.wav,24,lag,,l,low,1,2,8.367628328046795,0.04377118237888,1,0.80974674,0.7185185185185184
0006_VAZ,VF-001-20170316103702.wav,1,spand,3.0,s,high,0,1,28.267924332533887,0.0224888638593752,1,0.73153424,0.6537037037037038
0006_VAZ,VF-001-20170316103702.wav,2,skovl,3.0,s,high,1,1,28.267924332533887,0.0224888638593752,1,0.73153424,0.6537037037037038
0006_VAZ,VF-001-20170316103702.wav,3,spade,3.0,s,high,1,1,28.267924332533887,0.0224888638593752,1,0.73153424,0.6537037037037038
0006_VAZ,VF-001-20170316103702.wav,11,sukker,3.0,s,high,0,2,28.267924332533887,0.0224888638593752,1,0.66325915,0.637037037037037
0006_VAZ,VF-001-20170316103702.wav,12,salt,3.0,s,high,1,2,28.267924332533887,0.0224888638593752,1,0.66325915,0.637037037037037
0006_VAZ,VF-001-20170316103702.wav,14,sommer,3.0,s,high,1,2,28.267924332533887,0.0224888638593752,1,0.66325915,0.637037037037037
0006_VAZ,VF-001-20170316103702.wav,17,sodavand,3.0,s,high,0,3,28.267924332533887,0.0224888638593752,1,0.7587636,0.6596296296296296
0006_VAZ,VF-001-20170316103702.wav,19,super,3.0,s,high,1,3,28.267924332533887,0.0224888638593752,1,0.7587636,0.6596296296296296
0006_VAZ,VF-001-20170316103702.wav,21,svend,2.0,s,high,1,3,28.267924332533887,0.0224888638593752,1,0.7587636,0.6596296296296296
0006_VAZ,VF-001-20170316103702.wav,29,sol,3.0,s,high,0,4,28.267924332533887,0.0224888638593752,1,0.82563597,0.5555555555555555
0006_VAZ,VF-001-20170316103702.wav,32,septembeer,3.0,s,high,1,4,28.267924332533887,0.0224888638593752,1,0.82563597,0.5555555555555555
0006_VAZ,VF-001-20170316103702.wav,37,sokkel,3.0,s,high,0,5,28.267924332533887,0.0224888638593752,1,0.84999335,0.7185185185185184
0006_VAZ,VF-001-20170316103702.wav,40,suser,3.0,s,high,1,5,28.267924332533887,0.0224888638593752,1,0.84999335,0.7185185185185184
0006_VAZ,VF-001-20170316103702.wav,41,susen,3.0,s,high,1,5,28.267924332533887,0.0224888638593752,1,0.84999335,0.7185185185185184
0006_VAZ,VF-001-20170316103702.wav,44,susan,3.0,s,high,1,5,28.267924332533887,0.0224888638593752,1,0.84999335,0.7185185185185184
0006_VAZ,VF-001-20170316103702.wav,49,si,3.0,s,high,0,6,28.267924332533887,0.0224888638593752,1,0.7963423,0.8111111111111112
0006_VAZ,VF-001-20170316103702.wav,53,saftevand,3.0,s,high,1,6,28.267924332533887,0.0224888638593752,1,0.7963423,0.8111111111111112
0006_VAZ,VF-001-20170316103702.wav,56,saft,3.0,s,high,1,6,28.267924332533887,0.0224888638593752,1,0.7963423,0.8111111111111112
0006_VAZ,VF-001-20170316120337.wav,2,kamera,3.0,k,high,0,1,56.56298107651016,0.0057643942625473,2,0.845409,0.5555555555555555
0006_VAZ,VF-001-20170316120337.wav,3,klasse,3.0,k,high,1,1,56.56298107651016,0.0057643942625473,2,0.845409,0.5555555555555555
0006_VAZ,VF-001-20170316120337.wav,15,kigge,3.0,k,high,0,2,56.56298107651016,0.0057643942625473,2,0.72940296,0.5925925925925926
0006_VAZ,VF-001-20170316120337.wav,16,klemme,3.0,k,high,1,2,56.56298107651016,0.0057643942625473,2,0.72940296,0.5925925925925926
0006_VAZ,VF-001-20170316120337.wav,18,konge,2.0,k,high,1,2,56.56298107651016,0.0057643942625473,2,0.72940296,0.5925925925925926
0006_VAZ,VF-001-20170316120337.wav,23,kong,2.0,k,high,0,3,56.56298107651016,0.0057643942625473,2,0.82278174,0.5555555555555555
0006_VAZ,VF-001-20170316120337.wav,26,klar,3.0,k,high,1,3,56.56298107651016,0.0057643942625473,2,0.82278174,0.5555555555555555
0006_VAZ,VF-001-20170316120337.wav,28,,,k,high,1,3,56.56298107651016,0.0057643942625473,2,0.82278174,0.5555555555555555
0006_VAZ,VF-001-20170316120337.wav,44,kræmmer,3.0,k,high,0,4,56.56298107651016,0.0057643942625473,2,0.6251526,0.574074074074074
0006_VAZ,VF-001-20170316120337.wav,47,kys,3.0,k,high,1,4,56.56298107651016,0.0057643942625473,2,0.6251526,0.574074074074074
0006_VAZ,VF-001-20170316120337.wav,48,kærlighed,3.0,k,high,1,4,56.56298107651016,0.0057643942625473,2,0.6251526,0.574074074074074
0006_VAZ,VF-001-20170316120337.wav,51,kildevand,3.0,k,high,1,4,56.56298107651016,0.0057643942625473,2,0.6251526,0.574074074074074
0006_VAZ,VF-001-20170316133043.wav,11,frost,2.0,f,high,0,2,21.04443265196489,0.0209053289726812,3,0.7790707,0.75
0006_VAZ,VF-001-20170316133043.wav,12,fisk,2.0,f,high,1,2,21.04443265196489,0.0209053289726812,3,0.7790707,0.75
0006_VAZ,VF-001-20170316133043.wav,16,flamberet,3.0,f,high,0,3,21.04443265196489,0.0209053289726812,3,0.7943142,0.5555555555555555
0006_VAZ,VF-001-20170316133043.wav,18,føj,3.0,f,high,1,3,21.04443265196489,0.0209053289726812,3,0.7943142,0.5555555555555555
0006_VAZ,VF-001-20170316133043.wav,44,fremmed,2.0,f,high,0,4,21.04443265196489,0.0209053289726812,3,0.5717102,0.8074074074074075
0006_VAZ,VF-001-20170316133043.wav,46,fri,3.0,f,high,1,4,21.04443265196489,0.0209053289726812,3,0.5717102,0.8074074074074075
0006_VAZ,VF-001-20170316133043.wav,51,frikadeller,3.0,f,high,1,4,21.04443265196489,0.0209053289726812,3,0.5717102,0.8074074074074075
0006_VAZ,VF-001-20170316133043.wav,55,forår,3.0,f,high,1,4,21.04443265196489,0.0209053289726812,3,0.5717102,0.8074074074074075
0006_VAZ,VF-002-20170316103815.wav,1,protokol,3.0,p,high,0,1,12.407187607401047,0.0770336881527821,1,0.8297059,0.7866666666666667
0006_VAZ,VF-002-20170316103815.wav,2,projekt,3.0,p,high,1,1,12.407187607401047,0.0770336881527821,1,0.8297059,0.7866666666666667
0006_VAZ,VF-002-20170316103815.wav,4,poul,3.0,p,high,0,2,12.407187607401047,0.0770336881527821,1,0.8762188,0.6666666666666666
0006_VAZ,VF-002-20170316103815.wav,5,per,3.0,p,high,1,2,12.407187607401047,0.0770336881527821,1,0.8762188,0.6666666666666666
0006_VAZ,VF-002-20170316103815.wav,9,persienner,3.0,p,high,0,3,12.407187607401047,0.0770336881527821,1,0.750231,0.837037037037037
0006_VAZ,VF-002-20170316103815.wav,11,pas,3.0,p,high,1,3,12.407187607401047,0.0770336881527821,1,0.750231,0.837037037037037
0006_VAZ,VF-002-20170316103815.wav,13,passer,3.0,p,high,1,3,12.407187607401047,0.0770336881527821,1,0.750231,0.837037037037037
0006_VAZ,VF-002-20170316103815.wav,17,politi,3.0,p,high,0,4,12.407187607401047,0.0770336881527821,1,0.83085823,0.5111111111111111
0006_VAZ,VF-002-20170316103815.wav,18,projekt,3.0,p,high,1,4,12.407187607401047,0.0770336881527821,1,0.83085823,0.5111111111111111
0006_VAZ,VF-002-20170316103815.wav,41,pris,3.0,p,high,0,5,12.407187607401047,0.0770336881527821,1,0.77789456,0.6222222222222221
0006_VAZ,VF-002-20170316103815.wav,53,protokol,3.0,p,high,1,5,12.407187607401047,0.0770336881527821,1,0.77789456,0.6222222222222221
0006_VAZ,VF-002-20170316103815.wav,59,pap,3.0,p,high,1,5,12.407187607401047,0.0770336881527821,1,0.77789456,0.6222222222222221
0006_VAZ,VF-002-20170316120450.wav,2,taxa,3.0,t,high,0,1,25.379778605097304,0.0198729137422215,2,0.7531254,0.6091666666666666
0006_VAZ,VF-002-20170316120450.wav,4,trække,3.0,t,high,1,1,25.379778605097304,0.0198729137422215,2,0.7531254,0.6091666666666666
0006_VAZ,VF-002-20170316120450.wav,6,tunge,3.0,t,high,1,1,25.379778605097304,0.0198729137422215,2,0.7531254,0.6091666666666666
0006_VAZ,VF-002-20170316120450.wav,8,taffel,3.0,t,high,1,1,25.379778605097304,0.0198729137422215,2,0.7531254,0.6091666666666666
0006_VAZ,VF-002-20170316120450.wav,10,trøffel,3.0,t,high,1,1,25.379778605097304,0.0198729137422215,2,0.7531254,0.6091666666666666
0006_VAZ,VF-002-20170316120450.wav,17,tandem,3.0,t,high,0,2,25.379778605097304,0.0198729137422215,2,0.8161041,0.5277777777777778
0006_VAZ,VF-002-20170316120450.wav,19,teresse,3.0,t,high,1,2,25.379778605097304,0.0198729137422215,2,0.8161041,0.5277777777777778
0006_VAZ,VF-002-20170316120450.wav,22,tank,3.0,t,high,0,3,25.379778605097304,0.0198729137422215,2,0.7288924,0.8222222222222222
0006_VAZ,VF-002-20170316120450.wav,25,tennis,3.0,t,high,1,3,25.379778605097304,0.0198729137422215,2,0.7288924,0.8222222222222222
0006_VAZ,VF-002-20170316120450.wav,30,trambolin,3.0,t,high,0,4,25.379778605097304,0.0198729137422215,2,0.85089,0.5
0006_VAZ,VF-002-20170316120450.wav,32,taske,3.0,t,high,1,4,25.379778605097304,0.0198729137422215,2,0.85089,0.5
0006_VAZ,VF-002-20170316120450.wav,46,træmmer,3.0,t,high,0,5,25.379778605097304,0.0198729137422215,2,0.7953831,0.7092592592592593
0006_VAZ,VF-002-20170316120450.wav,51,taske,3.0,t,high,1,5,25.379778605097304,0.0198729137422215,2,0.7953831,0.7092592592592593
0006_VAZ,VF-002-20170316120450.wav,56,terin,1.0,t,high,1,5,25.379778605097304,0.0198729137422215,2,0.7953831,0.7092592592592593
0006_VAZ,VF-002-20170316120450.wav,59,trusser,3.0,t,high,1,5,25.379778605097304,0.0198729137422215,2,0.7953831,0.7092592592592593
0006_VAZ,VF-002-20170316133156.wav,2,billiard,3.0,b,high,0,1,41.32000117412053,0.0084821466851968,3,0.72167236,0.6333333333333333
0006_VAZ,VF-002-20170316133156.wav,4,børnehave,3.0,b,high,1,1,41.32000117412053,0.0084821466851968,3,0.72167236,0.6333333333333333
0006_VAZ,VF-002-20170316133156.wav,11,bærepose,3.0,b,high,0,2,41.32000117412053,0.0084821466851968,3,0.7562615,0.7777777777777778
0006_VAZ,VF-002-20170316133156.wav,14,,,b,high,1,2,41.32000117412053,0.0084821466851968,3,0.7562615,0.7777777777777778
0006_VAZ,VF-002-20170316133156.wav,17,børn,3.0,b,high,1,2,41.32000117412053,0.0084821466851968,3,0.7562615,0.7777777777777778
0006_VAZ,VF-002-20170316133156.wav,25,basker,1.0,b,high,0,3,41.32000117412053,0.0084821466851968,3,0.7079084,0.6083333333333333
0006_VAZ,VF-002-20170316133156.wav,28,bramming,3.0,b,high,1,3,41.32000117412053,0.0084821466851968,3,0.7079084,0.6083333333333333
0006_VAZ,VF-002-20170316133156.wav,29,blæst,3.0,b,high,1,3,41.32000117412053,0.0084821466851968,3,0.7079084,0.6083333333333333
0006_VAZ,VF-002-20170316133156.wav,32,bål,3.0,b,high,1,3,41.32000117412053,0.0084821466851968,3,0.7079084,0.6083333333333333
0006_VAZ,VF-002-20170316133156.wav,42,båthorn,3.0,b,high,0,4,41.32000117412053,0.0084821466851968,3,0.73292893,0.7222222222222223
0006_VAZ,VF-002-20170316133156.wav,44,bål,3.0,b,high,1,4,41.32000117412053,0.0084821466851968,3,0.73292893,0.7222222222222223
0006_VAZ,VF-002-20170316133156.wav,48,bil,3.0,b,high,1,4,41.32000117412053,0.0084821466851968,3,0.73292893,0.7222222222222223
0006_VAZ,VF-002-20170316133156.wav,53,baskerlandet,3.0,b,high,0,5,41.32000117412053,0.0084821466851968,3,0.7608269,0.6833333333333332
0006_VAZ,VF-002-20170316133156.wav,57,belfast,3.0,b,high,1,5,41.32000117412053,0.0084821466851968,3,0.7608269,0.6833333333333332
0006_VAZ,VF-003-20170316103928.wav,6,maiken,2.0,m,high,0,1,26.50010390340555,0.0224235232379954,1,0.69573504,0.6788888888888888
0006_VAZ,VF-003-20170316103928.wav,7,morten,3.0,m,high,1,1,26.50010390340555,0.0224235232379954,1,0.69573504,0.6788888888888888
0006_VAZ,VF-003-20170316103928.wav,9,maiken,2.0,m,high,1,1,26.50010390340555,0.0224235232379954,1,0.69573504,0.6788888888888888
0006_VAZ,VF-003-20170316103928.wav,11,maj,1.0,m,high,1,1,26.50010390340555,0.0224235232379954,1,0.69573504,0.6788888888888888
0006_VAZ,VF-003-20170316103928.wav,13,mad,3.0,m,high,1,1,26.50010390340555,0.0224235232379954,1,0.69573504,0.6788888888888888
0006_VAZ,VF-003-20170316103928.wav,15,mel,3.0,m,high,1,1,26.50010390340555,0.0224235232379954,1,0.69573504,0.6788888888888888
0006_VAZ,VF-003-20170316103928.wav,19,morsom,3.0,m,high,0,2,26.50010390340555,0.0224235232379954,1,0.7020475,0.6166666666666666
0006_VAZ,VF-003-20170316103928.wav,21,mystisk,3.0,m,high,1,2,26.50010390340555,0.0224235232379954,1,0.7020475,0.6166666666666666
0006_VAZ,VF-003-20170316103928.wav,23,metal,3.0,m,high,1,2,26.50010390340555,0.0224235232379954,1,0.7020475,0.6166666666666666
0006_VAZ,VF-003-20170316103928.wav,46,mus,3.0,m,high,0,3,26.50010390340555,0.0224235232379954,1,0.7189906,0.6194444444444445
0006_VAZ,VF-003-20170316103928.wav,48,mis,3.0,m,high,1,3,26.50010390340555,0.0224235232379954,1,0.7189906,0.6194444444444445
0006_VAZ,VF-003-20170316103928.wav,51,maiken,,m,high,1,3,26.50010390340555,0.0224235232379954,1,0.7189906,0.6194444444444445
0006_VAZ,VF-003-20170316103928.wav,52,majbritt,2.0,m,high,1,3,26.50010390340555,0.0224235232379954,1,0.7189906,0.6194444444444445
0006_VAZ,VF-003-20170316103928.wav,57,materiale,3.0,m,high,1,3,26.50010390340555,0.0224235232379954,1,0.7189906,0.6194444444444445
0006_VAZ,VF-003-20170316120603.wav,2,drikke,2.0,d,high,0,1,13.484555178611952,0.0295311650284503,2,0.7752777,0.5555555555555555
0006_VAZ,VF-003-20170316120603.wav,4,danse,3.0,d,high,1,1,13.484555178611952,0.0295311650284503,2,0.7752777,0.5555555555555555
0006_VAZ,VF-003-20170316120603.wav,7,dusk,2.0,d,high,0,2,13.484555178611952,0.0295311650284503,2,0.8833573,0.611111111111111
0006_VAZ,VF-003-20170316120603.wav,10,dør,3.0,d,high,1,2,13.484555178611952,0.0295311650284503,2,0.8833573,0.611111111111111
0006_VAZ,VF-003-20170316120603.wav,15,derfor,3.0,d,high,0,3,13.484555178611952,0.0295311650284503,2,0.76440054,0.7777777777777778
0006_VAZ,VF-003-20170316120603.wav,19,drømme,1.0,d,high,1,3,13.484555178611952,0.0295311650284503,2,0.76440054,0.7777777777777778
0006_VAZ,VF-003-20170316120603.wav,38,drab,3.0,d,high,0,4,13.484555178611952,0.0295311650284503,2,0.705697,0.6484444444444443
0006_VAZ,VF-003-20170316120603.wav,44,direktør,3.0,d,high,1,4,13.484555178611952,0.0295311650284503,2,0.705697,0.6484444444444443
0006_VAZ,VF-003-20170316120603.wav,48,danmark,3.0,d,high,1,4,13.484555178611952,0.0295311650284503,2,0.705697,0.6484444444444443
0006_VAZ,VF-003-20170316120603.wav,52,daske,3.0,d,high,1,4,13.484555178611952,0.0295311650284503,2,0.705697,0.6484444444444443
0006_VAZ,VF-003-20170316120603.wav,57,dyr,3.0,d,high,1,4,13.484555178611952,0.0295311650284503,2,0.705697,0.6484444444444443
0006_VAZ,VF-003-20170316133309.wav,1,lov,2.0,l,high,0,1,24.77488534220453,0.0202062628814949,3,0.7332104,0.9407407407407407
0006_VAZ,VF-003-20170316133309.wav,2,løve,3.0,l,high,1,1,24.77488534220453,0.0202062628814949,3,0.7332104,0.9407407407407407
0006_VAZ,VF-003-20170316133309.wav,4,livet,3.0,l,high,1,1,24.77488534220453,0.0202062628814949,3,0.7332104,0.9407407407407407
0006_VAZ,VF-003-20170316133309.wav,7,løs,3.0,l,high,0,2,24.77488534220453,0.0202062628814949,3,0.84907717,0.8500000000000001
0006_VAZ,VF-003-20170316133309.wav,9,luksus,3.0,l,high,1,2,24.77488534220453,0.0202062628814949,3,0.84907717,0.8500000000000001
0006_VAZ,VF-003-20170316133309.wav,28,liv,3.0,l,high,0,3,24.77488534220453,0.0202062628814949,3,0.79533356,0.84
0006_VAZ,VF-003-20170316133309.wav,30,løvehjerte,3.0,l,high,1,3,24.77488534220453,0.0202062628814949,3,0.79533356,0.84
0006_VAZ,VF-003-20170316133309.wav,34,lovgivning,3.0,l,high,0,4,24.77488534220453,0.0202062628814949,3,0.796906,0.5476190476190476
0006_VAZ,VF-003-20170316133309.wav,38,læs,3.0,l,high,1,4,24.77488534220453,0.0202062628814949,3,0.796906,0.5476190476190476
0006_VAZ,VF-003-20170316133309.wav,45,lov,3.0,l,high,0,5,24.77488534220453,0.0202062628814949,3,0.735544,0.6359999999999999
0006_VAZ,VF-003-20170316133309.wav,47,lost,2.0,l,high,1,5,24.77488534220453,0.0202062628814949,3,0.735544,0.6359999999999999
0006_VAZ,VF-003-20170316133309.wav,51,ledning,3.0,l,high,1,5,24.77488534220453,0.0202062628814949,3,0.735544,0.6359999999999999
0006_VAZ,VF-003-20170316133309.wav,54,læsehest,3.0,l,high,1,5,24.77488534220453,0.0202062628814949,3,0.735544,0.6359999999999999
0006_VAZ,VF-003-20170316133309.wav,59,læskedrik,3.0,l,high,1,5,24.77488534220453,0.0202062628814949,3,0.735544,0.6359999999999999
0019_YRF,VF-003-20230327122603.wav,4,dumdristig,3.0,d,low,0,1,15.652590479433943,0.0428310934985451,3,0.7471628,0.7256613756613758
0019_YRF,VF-003-20230327122603.wav,5,drille,1.0,d,low,1,1,15.652590479433943,0.0428310934985451,3,0.7471628,0.7256613756613758
0019_YRF,VF-003-20230327122603.wav,6,drillepind,1.0,d,low,1,1,15.652590479433943,0.0428310934985451,3,0.7471628,0.7256613756613758
0019_YRF,VF-003-20230327122603.wav,17,dør,3.0,d,low,0,3,15.652590479433943,0.0428310934985451,3,0.9431419,0.8666666666666667
0019_YRF,VF-003-20230327122603.wav,19,drøbel,2.0,d,low,1,3,15.652590479433943,0.0428310934985451,3,0.9431419,0.8666666666666667
0019_YRF,VF-003-20230327122603.wav,25,dyr,3.0,d,low,0,4,15.652590479433943,0.0428310934985451,3,0.9325583,0.6666666666666666
0019_YRF,VF-003-20230327122603.wav,27,duge,2.0,d,low,1,4,15.652590479433943,0.0428310934985451,3,0.9325583,0.6666666666666666
0019_YRF,VF-003-20230327122603.wav,40,dansk,3.0,d,low,0,5,15.652590479433943,0.0428310934985451,3,0.7800398,0.5
0019_YRF,VF-003-20230327122603.wav,45,drøbel,2.0,d,low,1,5,15.652590479433943,0.0428310934985451,3,0.7800398,0.5
0019_YRF,VF-003-20230327122603.wav,50,,1.0,d,low,1,5,15.652590479433943,0.0428310934985451,3,0.7800398,0.5
0019_YRF,VF-003-20230327122603.wav,59,,,d,low,1,5,15.652590479433943,0.0428310934985451,3,0.7800398,0.5
0019_YRF,VF-003-20230327095945.wav,4,læg,2.0,l,low,0,2,34.42018883965902,0.0181404696945461,1,0.86885124,0.775
0019_YRF,VF-003-20230327095945.wav,5,læggekartofler,3.0,l,low,1,2,34.42018883965902,0.0181404696945461,1,0.86885124,0.775
0019_YRF,VF-003-20230327095945.wav,18,lammeskind,3.0,l,low,0,4,34.42018883965902,0.0181404696945461,1,0.839255,0.7066666666666666
0019_YRF,VF-003-20230327095945.wav,20,lodden,3.0,l,low,1,4,34.42018883965902,0.0181404696945461,1,0.839255,0.7066666666666666
0019_YRF,VF-003-20230327095945.wav,21,lod,3.0,l,low,1,4,34.42018883965902,0.0181404696945461,1,0.839255,0.7066666666666666
0019_YRF,VF-003-20230327095945.wav,22,lodsejeer,3.0,l,low,1,4,34.42018883965902,0.0181404696945461,1,0.839255,0.7066666666666666
0019_YRF,VF-003-20230327095945.wav,27,lun,2.0,l,low,0,5,34.42018883965902,0.0181404696945461,1,0.8789641,0.611111111111111
0019_YRF,VF-003-20230327095945.wav,29,levet,2.0,l,low,1,5,34.42018883965902,0.0181404696945461,1,0.8789641,0.611111111111111
0019_YRF,VF-003-20230327095945.wav,38,last,3.0,l,low,0,7,34.42018883965902,0.0181404696945461,1,0.7622738,0.9066666666666667
0019_YRF,VF-003-20230327095945.wav,39,lastbil,3.0,l,low,1,7,34.42018883965902,0.0181404696945461,1,0.7622738,0.9066666666666667
0019_YRF,VF-003-20230327095945.wav,54,lodden,3.0,l,low,0,8,34.42018883965902,0.0181404696945461,1,0.9522331,0.6888888888888888
0019_YRF,VF-003-20230327095945.wav,57,loddekolbe,3.0,l,low,1,8,34.42018883965902,0.0181404696945461,1,0.9522331,0.6888888888888888
0019_YRF,VF-003-20230327095945.wav,59,,,l,low,1,8,34.42018883965902,0.0181404696945461,1,0.9522331,0.6888888888888888
0019_YRF,VF-002-20230327122455.wav,1,tre,3.0,t,low,0,1,23.6223376376468,0.0244225123653965,3,0.65709376,0.7185185185185186
0019_YRF,VF-002-20230327122455.wav,2,ti,3.0,t,low,1,1,23.6223376376468,0.0244225123653965,3,0.65709376,0.7185185185185186
0019_YRF,VF-002-20230327122455.wav,3,tretten,3.0,t,low,1,1,23.6223376376468,0.0244225123653965,3,0.65709376,0.7185185185185186
0019_YRF,VF-002-20230327122455.wav,4,tyve,3.0,t,low,1,1,23.6223376376468,0.0244225123653965,3,0.65709376,0.7185185185185186
0019_YRF,VF-002-20230327122455.wav,5,tredive,3.0,t,low,1,1,23.6223376376468,0.0244225123653965,3,0.65709376,0.7185185185185186
0019_YRF,VF-002-20230327122455.wav,6,tempo,3.0,t,low,1,1,23.6223376376468,0.0244225123653965,3,0.65709376,0.7185185185185186
0019_YRF,VF-002-20230327122455.wav,36,tryk,3.0,t,low,0,3,23.6223376376468,0.0244225123653965,3,0.80089974,0.8747474747474747
0019_YRF,VF-002-20230327122455.wav,38,trykfølsom,3.0,t,low,1,3,23.6223376376468,0.0244225123653965,3,0.80089974,0.8747474747474747
0019_YRF,VF-002-20230327122455.wav,40,trygfølsomskærm,2.0,t,low,1,3,23.6223376376468,0.0244225123653965,3,0.80089974,0.8747474747474747
0019_YRF,VF-002-20230327122455.wav,45,tempo,3.0,t,low,0,4,23.6223376376468,0.0244225123653965,3,0.7859264,0.5555555555555555
0019_YRF,VF-002-20230327122455.wav,46,test,3.0,t,low,1,4,23.6223376376468,0.0244225123653965,3,0.7859264,0.5555555555555555
0019_YRF,VF-002-20230327122455.wav,47,,,t,low,1,4,23.6223376376468,0.0244225123653965,3,0.7859264,0.5555555555555555
0019_YRF,VF-002-20230327122455.wav,48,,,t,low,1,4,23.6223376376468,0.0244225123653965,3,0.7859264,0.5555555555555555
0019_YRF,VF-002-20230327122455.wav,53,,,t,low,1,4,23.6223376376468,0.0244225123653965,3,0.7859264,0.5555555555555555
0019_YRF,VF-002-20230327111725.wav,2,poesi,3.0,p,low,0,1,24.79422199429333,0.0281382401315012,2,0.6350917,0.7407407407407408
0019_YRF,VF-002-20230327111725.wav,3,pas,3.0,p,low,1,1,24.79422199429333,0.0281382401315012,2,0.6350917,0.7407407407407408
0019_YRF,VF-002-20230327111725.wav,4,penis,2.0,p,low,1,1,24.79422199429333,0.0281382401315012,2,0.6350917,0.7407407407407408
0019_YRF,VF-002-20230327111725.wav,10,,,p,low,0,2,24.79422199429333,0.0281382401315012,2,0.83655643,0.7320105820105819
0019_YRF,VF-002-20230327111725.wav,11,,,p,low,1,2,24.79422199429333,0.0281382401315012,2,0.83655643,0.7320105820105819
0019_YRF,VF-002-20230327111725.wav,12,prop,2.0,p,low,1,2,24.79422199429333,0.0281382401315012,2,0.83655643,0.7320105820105819
0019_YRF,VF-002-20230327111725.wav,14,propkultur,2.0,p,low,1,2,24.79422199429333,0.0281382401315012,2,0.83655643,0.7320105820105819
0019_YRF,VF-002-20230327111725.wav,16,probalistisk,3.0,p,low,1,2,24.79422199429333,0.0281382401315012,2,0.83655643,0.7320105820105819
0019_YRF,VF-002-20230327111725.wav,29,papmache,3.0,p,low,0,4,24.79422199429333,0.0281382401315012,2,0.7344005,0.9111111111111111
0019_YRF,VF-002-20230327111725.wav,31,,,p,low,1,4,24.79422199429333,0.0281382401315012,2,0.7344005,0.9111111111111111
0019_YRF,VF-002-20230327111725.wav,34,pip,3.0,p,low,1,4,24.79422199429333,0.0281382401315012,2,0.7344005,0.9111111111111111
0019_YRF,VF-002-20230327111725.wav,35,pop,2.0,p,low,1,4,24.79422199429333,0.0281382401315012,2,0.7344005,0.9111111111111111
0019_YRF,VF-002-20230327111725.wav,50,politi,3.0,p,low,0,5,24.79422199429333,0.0281382401315012,2,0.73448735,0.8222222222222222
0019_YRF,VF-002-20230327111725.wav,56,palme,1.0,p,low,1,5,24.79422199429333,0.0281382401315012,2,0.73448735,0.8222222222222222
0019_YRF,VF-002-20230327111725.wav,59,,,p,low,1,5,24.79422199429333,0.0281382401315012,2,0.73448735,0.8222222222222222
0019_YRF,VF-002-20230327095837.wav,1,bi,2.0,b,low,0,1,22.03009588882971,0.0368732964546372,1,0.8296282,0.9
0019_YRF,VF-002-20230327095837.wav,2,bi,2.0,b,low,1,1,22.03009588882971,0.0368732964546372,1,0.8296282,0.9
0019_YRF,VF-002-20230327095837.wav,3,bil,3.0,b,low,1,1,22.03009588882971,0.0368732964546372,1,0.8296282,0.9
0019_YRF,VF-002-20230327095837.wav,4,,,b,low,1,1,22.03009588882971,0.0368732964546372,1,0.8296282,0.9
0019_YRF,VF-002-20230327095837.wav,24,blik,3.0,b,low,0,3,22.03009588882971,0.0368732964546372,1,0.77073354,0.7805555555555554
0019_YRF,VF-002-20230327095837.wav,25,blikfang,3.0,b,low,1,3,22.03009588882971,0.0368732964546372,1,0.77073354,0.7805555555555554
0019_YRF,VF-002-20230327095837.wav,28,blomme,3.0,b,low,1,3,22.03009588882971,0.0368732964546372,1,0.77073354,0.7805555555555554
0019_YRF,VF-002-20230327095837.wav,31,blad,3.0,b,low,1,3,22.03009588882971,0.0368732964546372,1,0.77073354,0.7805555555555554
0019_YRF,VF-002-20230327095837.wav,37,bål,2.0,b,low,0,4,22.03009588882971,0.0368732964546372,1,0.9016451,0.654074074074074
0019_YRF,VF-002-20230327095837.wav,38,båltang,2.0,b,low,1,4,22.03009588882971,0.0368732964546372,1,0.9016451,0.654074074074074
0019_YRF,VF-002-20230327095837.wav,43,birk,3.0,b,low,1,4,22.03009588882971,0.0368732964546372,1,0.9016451,0.654074074074074
0019_YRF,VF-001-20230327122347.wav,1,kilo,1.0,k,low,0,1,26.613696253734933,0.0235650330180477,3,0.8322866,0.8666666666666667
0019_YRF,VF-001-20230327122347.wav,2,klods,2.0,k,low,1,1,26.613696253734933,0.0235650330180477,3,0.8322866,0.8666666666666667
0019_YRF,VF-001-20230327122347.wav,4,klodset,2.0,k,low,0,2,26.613696253734933,0.0235650330180477,3,0.8757112,0.8755555555555556
0019_YRF,VF-001-20230327122347.wav,5,klodshans,3.0,k,low,1,2,26.613696253734933,0.0235650330180477,3,0.8757112,0.8755555555555556
0019_YRF,VF-001-20230327122347.wav,10,kost,3.0,k,low,0,3,26.613696253734933,0.0235650330180477,3,0.7988694,0.7037037037037036
0019_YRF,VF-001-20230327122347.wav,11,kiste,3.0,k,low,1,3,26.613696253734933,0.0235650330180477,3,0.7988694,0.7037037037037036
0019_YRF,VF-001-20230327122347.wav,12,koben,3.0,k,low,1,3,26.613696253734933,0.0235650330180477,3,0.7988694,0.7037037037037036
0019_YRF,VF-001-20230327122347.wav,15,ko,3.0,k,low,0,4,26.613696253734933,0.0235650330180477,3,0.85739404,0.7999999999999999
0019_YRF,VF-001-20230327122347.wav,17,kommode,3.0,k,low,1,4,26.613696253734933,0.0235650330180477,3,0.85739404,0.7999999999999999
0019_YRF,VF-001-20230327122347.wav,25,kamsteg,3.0,k,low,0,6,26.613696253734933,0.0235650330180477,3,0.8683798,0.7866666666666667
0019_YRF,VF-001-20230327122347.wav,27,kamphund,2.0,k,low,1,6,26.613696253734933,0.0235650330180477,3,0.8683798,0.7866666666666667
0019_YRF,VF-001-20230327122347.wav,41,kæft,3.0,k,low,0,7,26.613696253734933,0.0235650330180477,3,0.5952493,0.6097978080120936
0019_YRF,VF-001-20230327122347.wav,44,kyst,3.0,k,low,1,7,26.613696253734933,0.0235650330180477,3,0.5952493,0.6097978080120936
0019_YRF,VF-001-20230327122347.wav,46,kystsikring,3.0,k,low,1,7,26.613696253734933,0.0235650330180477,3,0.5952493,0.6097978080120936
0019_YRF,VF-001-20230327122347.wav,48,kilogram,3.0,k,low,1,7,26.613696253734933,0.0235650330180477,3,0.5952493,0.6097978080120936
0019_YRF,VF-001-20230327122347.wav,53,klump,3.0,k,low,1,7,26.613696253734933,0.0235650330180477,3,0.5952493,0.6097978080120936
0019_YRF,VF-001-20230327122347.wav,54,klumpfisk,3.0,k,low,1,7,26.613696253734933,0.0235650330180477,3,0.5952493,0.6097978080120936
0019_YRF,VF-001-20230327122347.wav,58,kramme,1.0,k,low,1,7,26.613696253734933,0.0235650330180477,3,0.5952493,0.6097978080120936
0019_YRF,VF-001-20230327111617.wav,1,ski,3.0,s,low,0,1,52.00338550971539,0.0130697435125526,2,0.89740306,0.6518518518518519
0019_YRF,VF-001-20230327111617.wav,2,skiferie,3.0,s,low,1,1,52.00338550971539,0.0130697435125526,2,0.89740306,0.6518518518518519
0019_YRF,VF-001-20230327111617.wav,3,slalom,3.0,s,low,1,1,52.00338550971539,0.0130697435125526,2,0.89740306,0.6518518518518519
0019_YRF,VF-001-20230327111617.wav,4,slalomløb,3.0,s,low,1,1,52.00338550971539,0.0130697435125526,2,0.89740306,0.6518518518518519
0019_YRF,VF-001-20230327111617.wav,10,slå,2.0,s,low,0,2,52.00338550971539,0.0130697435125526,2,0.97195387,0.9111111111111111
0019_YRF,VF-001-20230327111617.wav,11,slag,2.0,s,low,1,2,52.00338550971539,0.0130697435125526,2,0.97195387,0.9111111111111111
0019_YRF,VF-001-20230327111617.wav,24,stige,3.0,s,low,0,4,52.00338550971539,0.0130697435125526,2,0.9217372,0.5555555555555555
0019_YRF,VF-001-20230327111617.wav,25,slag,3.0,s,low,1,4,52.00338550971539,0.0130697435125526,2,0.9217372,0.5555555555555555
0019_YRF,VF-001-20230327111617.wav,33,skab,3.0,s,low,0,5,52.00338550971539,0.0130697435125526,2,0.68886113,0.835
0019_YRF,VF-001-20230327111617.wav,35,skub,3.0,s,low,1,5,52.00338550971539,0.0130697435125526,2,0.68886113,0.835
0019_YRF,VF-001-20230327111617.wav,37,skole,3.0,s,low,1,5,52.00338550971539,0.0130697435125526,2,0.68886113,0.835
0019_YRF,VF-001-20230327111617.wav,39,skib,3.0,s,low,1,5,52.00338550971539,0.0130697435125526,2,0.68886113,0.835
0019_YRF,VF-001-20230327111617.wav,41,skoleskib,3.0,s,low,1,5,52.00338550971539,0.0130697435125526,2,0.68886113,0.835
0019_YRF,VF-001-20230327111617.wav,44,sne,3.0,s,low,0,6,52.00338550971539,0.0130697435125526,2,0.95547855,0.7400000000000001
0019_YRF,VF-001-20230327111617.wav,46,snevejr,3.0,s,low,1,6,52.00338550971539,0.0130697435125526,2,0.95547855,0.7400000000000001
0019_YRF,VF-001-20230327111617.wav,47,sneskovl,3.0,s,low,1,6,52.00338550971539,0.0130697435125526,2,0.95547855,0.7400000000000001
0019_YRF,VF-001-20230327111617.wav,48,snemand,3.0,s,low,1,6,52.00338550971539,0.0130697435125526,2,0.95547855,0.7400000000000001
0019_YRF,VF-001-20230327111617.wav,56,sol,3.0,s,low,0,7,52.00338550971539,0.0130697435125526,2,0.90180135,0.6833333333333335
0019_YRF,VF-001-20230327111617.wav,58,skyer,3.0,s,low,1,7,52.00338550971539,0.0130697435125526,2,0.90180135,0.6833333333333335
0019_YRF,VF-001-20230327111617.wav,59,skyet,3.0,s,low,1,7,52.00338550971539,0.0130697435125526,2,0.90180135,0.6833333333333335
0019_YRF,VF-001-20230327095728.wav,2,fredag,1.0,f,low,0,1,50.3874036593854,0.014474796148903,1,0.79416066,0.8666666666666667
0019_YRF,VF-001-20230327095728.wav,3,fri,3.0,f,low,1,1,50.3874036593854,0.014474796148903,1,0.79416066,0.8666666666666667
0019_YRF,VF-001-20230327095728.wav,3,fire,3.0,f,low,0,2,50.3874036593854,0.014474796148903,1,0.6775446,0.638888888888889
0019_YRF,VF-001-20230327095728.wav,4,fem,3.0,f,low,1,2,50.3874036593854,0.014474796148903,1,0.6775446,0.638888888888889
0019_YRF,VF-001-20230327095728.wav,5,flere,3.0,f,low,1,2,50.3874036593854,0.014474796148903,1,0.6775446,0.638888888888889
0019_YRF,VF-001-20230327095728.wav,6,flest,3.0,f,low,1,2,50.3874036593854,0.014474796148903,1,0.6775446,0.638888888888889
0019_YRF,VF-001-20230327095728.wav,12,flad,2.0,f,low,0,3,50.3874036593854,0.014474796148903,1,0.7194362,0.7185185185185184
0019_YRF,VF-001-20230327095728.wav,13,fly,2.0,f,low,1,3,50.3874036593854,0.014474796148903,1,0.7194362,0.7185185185185184
0019_YRF,VF-001-20230327095728.wav,14,fest,3.0,f,low,1,3,50.3874036593854,0.014474796148903,1,0.7194362,0.7185185185185184
0019_YRF,VF-001-20230327095728.wav,15,fisk,3.0,f,low,1,3,50.3874036593854,0.014474796148903,1,0.7194362,0.7185185185185184
0019_YRF,VF-001-20230327095728.wav,23,fem,3.0,f,low,0,4,50.3874036593854,0.014474796148903,1,0.9160752,0.8666666666666667
0019_YRF,VF-001-20230327095728.wav,24,femten,3.0,f,low,1,4,50.3874036593854,0.014474796148903,1,0.9160752,0.8666666666666667
0019_YRF,VF-001-20230327095728.wav,26,født,2.0,f,low,0,5,50.3874036593854,0.014474796148903,1,0.77631646,0.8518518518518517
0019_YRF,VF-001-20230327095728.wav,27,føde,3.0,f,low,1,5,50.3874036593854,0.014474796148903,1,0.77631646,0.8518518518518517
0019_YRF,VF-001-20230327095728.wav,29,fødevare,3.0,f,low,1,5,50.3874036593854,0.014474796148903,1,0.77631646,0.8518518518518517
0019_YRF,VF-001-20230327095728.wav,34,fire,3.0,f,low,0,6,50.3874036593854,0.014474796148903,1,0.8028984,0.8222222222222222
0019_YRF,VF-001-20230327095728.wav,35,firspænd,3.0,f,low,1,6,50.3874036593854,0.014474796148903,1,0.8028984,0.8222222222222222
0019_YRF,VF-001-20230327095728.wav,38,fadøl,3.0,f,low,0,7,50.3874036593854,0.014474796148903,1,0.91316223,0.7688888888888888
0019_YRF,VF-001-20230327095728.wav,39,fadøl,3.0,f,low,1,7,50.3874036593854,0.014474796148903,1,0.91316223,0.7688888888888888
0019_YRF,VF-001-20230327095728.wav,40,fadøl,1.0,f,low,1,7,50.3874036593854,0.014474796148903,1,0.91316223,0.7688888888888888
0019_YRF,VF-001-20230327095728.wav,41,fadder,1.0,f,low,1,7,50.3874036593854,0.014474796148903,1,0.91316223,0.7688888888888888
0019_YRF,VF-001-20230327095728.wav,42,fest,3.0,f,low,1,7,50.3874036593854,0.014474796148903,1,0.91316223,0.7688888888888888
0019_YRF,VF-001-20230327095728.wav,52,flage,1.0,f,low,0,8,50.3874036593854,0.014474796148903,1,0.966824,0.9416666666666667
0019_YRF,VF-001-20230327095728.wav,54,flager,1.0,f,low,1,8,50.3874036593854,0.014474796148903,1,0.966824,0.9416666666666667
0018_OBN,VF-003-20230317121053.wav,1,dronning,2.0,d,low,0,1,5.247747136131435,0.1712475499050706,3,0.7349294,0.9066666666666667
0018_OBN,VF-003-20230317121053.wav,2,drone,3.0,d,low,1,1,5.247747136131435,0.1712475499050706,3,0.7349294,0.9066666666666667
0018_OBN,VF-003-20230317121053.wav,16,de,3.0,d,low,0,2,5.247747136131435,0.1712475499050706,3,0.8989809,0.775
0018_OBN,VF-003-20230317121053.wav,21,,,d,low,1,2,5.247747136131435,0.1712475499050706,3,0.8989809,0.775
0018_OBN,VF-003-20230317121053.wav,27,diverse,3.0,d,low,1,2,5.247747136131435,0.1712475499050706,3,0.8989809,0.775
0018_OBN,VF-003-20230317103827.wav,2,,,m,low,0,1,6.401274379349932,0.1181802802922861,1,0.75131863,0.6481481481481483
0018_OBN,VF-003-20230317103827.wav,3,mønter,1.0,m,low,1,1,6.401274379349932,0.1181802802922861,1,0.75131863,0.6481481481481483
0018_OBN,VF-003-20230317103827.wav,5,metode,3.0,m,low,1,1,6.401274379349932,0.1181802802922861,1,0.75131863,0.6481481481481483
0018_OBN,VF-003-20230317103827.wav,7,mis,3.0,m,low,1,1,6.401274379349932,0.1181802802922861,1,0.75131863,0.6481481481481483
0018_OBN,VF-002-20230317130209.wav,9,blåt,1.0,,low,0,1,3.0861363935297947,0.1362273290689203,2,0.77220243,0.611111111111111
0018_OBN,VF-002-20230317130209.wav,22,olie,1.0,,low,1,1,3.0861363935297947,0.1362273290689203,2,0.77220243,0.611111111111111
0018_OBN,VF-002-20230317120944.wav,5,tuborg,2.0,t,low,0,1,4.7806079212854415,0.0574021826515787,3,0.8606265,0.6537037037037038
0018_OBN,VF-002-20230317120944.wav,10,tønde,1.0,t,low,1,1,4.7806079212854415,0.0574021826515787,3,0.8606265,0.6537037037037038
0018_OBN,VF-002-20230317120944.wav,15,tubeerkulose,3.0,t,low,1,1,4.7806079212854415,0.0574021826515787,3,0.8606265,0.6537037037037038
0018_OBN,VF-002-20230317103718.wav,11,pedal,1.0,p,low,0,1,6.261165640538689,0.0756942384347563,1,0.7911639,0.611111111111111
0018_OBN,VF-002-20230317103718.wav,15,,,p,low,1,1,6.261165640538689,0.0756942384347563,1,0.7911639,0.611111111111111
0018_OBN,VF-002-20230317103718.wav,17,pus,2.0,p,low,1,1,6.261165640538689,0.0756942384347563,1,0.7911639,0.611111111111111
0018_OBN,VF-001-20230317130101.wav,3,frø,1.0,f,low,0,1,5.435381037437301,0.1078746551535076,2,0.8461299,0.8500000000000001
0018_OBN,VF-001-20230317130101.wav,4,fy,1.0,f,low,1,1,5.435381037437301,0.1078746551535076,2,0.8461299,0.8500000000000001
0018_OBN,VF-001-20230317130101.wav,6,,,f,low,1,1,5.435381037437301,0.1078746551535076,2,0.8461299,0.8500000000000001
0018_OBN,VF-001-20230317130101.wav,16,fra,3.0,f,low,0,2,5.435381037437301,0.1078746551535076,2,0.9095282,1.0
0018_OBN,VF-001-20230317130101.wav,18,for,2.0,f,low,1,2,5.435381037437301,0.1078746551535076,2,0.9095282,1.0
0018_OBN,VF-001-20230317120836.wav,3,kolon,2.0,k,low,0,1,6.726319970862391,0.0923329400938968,3,0.6099297,0.6611111111111111
0018_OBN,VF-001-20230317120836.wav,4,komma,3.0,k,low,1,1,6.726319970862391,0.0923329400938968,3,0.6099297,0.6611111111111111
0018_OBN,VF-001-20230317120836.wav,6,kilo,3.0,k,low,1,1,6.726319970862391,0.0923329400938968,3,0.6099297,0.6611111111111111
0018_OBN,VF-001-20230317120836.wav,8,kajak,3.0,k,low,1,1,6.726319970862391,0.0923329400938968,3,0.6099297,0.6611111111111111
0018_OBN,VF-001-20230317120836.wav,34,kilo,3.0,k,low,0,2,6.726319970862391,0.0923329400938968,3,0.7450862,0.5666666666666667
0018_OBN,VF-001-20230317120836.wav,56,koncert,3.0,k,low,1,2,6.726319970862391,0.0923329400938968,3,0.7450862,0.5666666666666667
0017_MKZ,VF-003-20220426122553.wav,26,den,3.0,d,high,0,1,4.100801502731131,0.0498382046599631,3,0.8765057,0.7888888888888889
0017_MKZ,VF-003-20220426122553.wav,27,du,3.0,d,high,1,1,4.100801502731131,0.0498382046599631,3,0.8765057,0.7888888888888889
0017_MKZ,VF-003-20220426122553.wav,28,det,3.0,d,high,1,1,4.100801502731131,0.0498382046599631,3,0.8765057,0.7888888888888889
0017_MKZ,VF-003-20220426112022.wav,5,landkort,3.0,l,high,0,1,9.218424698884906,0.0281335968875299,2,0.747186,0.6666666666666666
0017_MKZ,VF-003-20220426112022.wav,9,,,l,high,1,1,9.218424698884906,0.0281335968875299,2,0.747186,0.6666666666666666
0017_MKZ,VF-003-20220426112022.wav,13,lineal,3.0,l,high,1,1,9.218424698884906,0.0281335968875299,2,0.747186,0.6666666666666666
0017_MKZ,VF-003-20220426112022.wav,21,luftrum,3.0,l,high,0,2,9.218424698884906,0.0281335968875299,2,0.85063887,0.79
0017_MKZ,VF-003-20220426112022.wav,26,luftvåben,3.0,l,high,1,2,9.218424698884906,0.0281335968875299,2,0.85063887,0.79
0017_MKZ,VF-003-20220426112022.wav,40,liebhavervilla,3.0,l,high,0,3,9.218424698884906,0.0281335968875299,2,0.86251116,0.46428571428571425
0017_MKZ,VF-003-20220426112022.wav,49,legetøj,3.0,l,high,1,3,9.218424698884906,0.0281335968875299,2,0.86251116,0.46428571428571425
0017_MKZ,VF-003-20220426101601.wav,21,mur,3.0,m,high,0,1,8.337411427202957,0.0149084220969374,1,0.81226474,0.5833333333333334
0017_MKZ,VF-003-20220426101601.wav,28,magnet,3.0,m,high,1,1,8.337411427202957,0.0149084220969374,1,0.81226474,0.5833333333333334
0017_MKZ,VF-002-20220426122445.wav,17,tang,3.0,t,high,0,1,2.500000002639998,390.7699917321415,3,0.680105,0.8185185185185185
0017_MKZ,VF-002-20220426122445.wav,20,tegn,3.0,t,high,1,1,2.500000002639998,390.7699917321415,3,0.680105,0.8185185185185185
0017_MKZ,VF-002-20220426122445.wav,49,tid,3.0,t,high,1,1,2.500000002639998,390.7699917321415,3,0.680105,0.8185185185185185
0017_MKZ,VF-002-20220426122445.wav,57,to,3.0,t,high,1,1,2.500000002639998,390.7699917321415,3,0.680105,0.8185185185185185
0017_MKZ,VF-002-20220426111913.wav,3,baby,3.0,b,high,0,1,3.5895952176759667,0.1550809520371081,2,0.751129,0.6666666666666666
0017_MKZ,VF-002-20220426111913.wav,4,bil,3.0,b,high,1,1,3.5895952176759667,0.1550809520371081,2,0.751129,0.6666666666666666
0017_MKZ,VF-002-20220426111913.wav,24,bukser,3.0,b,high,0,2,3.5895952176759667,0.1550809520371081,2,0.8351243,0.75
0017_MKZ,VF-002-20220426111913.wav,27,bluse,3.0,b,high,1,2,3.5895952176759667,0.1550809520371081,2,0.8351243,0.75
0017_MKZ,VF-002-20220426101453.wav,13,pande,3.0,p,high,0,1,6.265671695189238,0.0524244192497609,1,0.81881833,0.5555555555555555
0017_MKZ,VF-002-20220426101453.wav,19,påske,3.0,p,high,1,1,6.265671695189238,0.0524244192497609,1,0.81881833,0.5555555555555555
0017_MKZ,VF-002-20220426101453.wav,34,pude,3.0,p,high,0,2,6.265671695189238,0.0524244192497609,1,0.88188463,0.5833333333333334
0017_MKZ,VF-002-20220426101453.wav,52,pålægger,1.0,p,high,1,2,6.265671695189238,0.0524244192497609,1,0.88188463,0.5833333333333334
0017_MKZ,VF-001-20220426111805.wav,3,får,3.0,f,high,0,1,7.241615285972005,0.0515083741282941,2,0.83316797,0.5666666666666667
0017_MKZ,VF-001-20220426111805.wav,5,faldlem,1.0,f,high,1,1,7.241615285972005,0.0515083741282941,2,0.83316797,0.5666666666666667
0017_MKZ,VF-001-20220426111805.wav,12,figur,3.0,f,high,0,2,7.241615285972005,0.0515083741282941,2,0.81915903,0.611111111111111
0017_MKZ,VF-001-20220426111805.wav,15,frø,3.0,f,high,1,2,7.241615285972005,0.0515083741282941,2,0.81915903,0.611111111111111
0017_MKZ,VF-001-20220426111805.wav,43,fyr,3.0,f,high,0,3,7.241615285972005,0.0515083741282941,2,0.79452163,0.611111111111111
0017_MKZ,VF-001-20220426111805.wav,47,flamme,3.0,f,high,1,3,7.241615285972005,0.0515083741282941,2,0.79452163,0.611111111111111
0017_MKZ,VF-001-20220426101345.wav,3,skænk,3.0,s,high,0,1,11.13397318431304,0.0322023946278565,1,0.7772955,0.7138888888888889
0017_MKZ,VF-001-20220426101345.wav,6,so,2.0,s,high,1,1,11.13397318431304,0.0322023946278565,1,0.7772955,0.7138888888888889
0017_MKZ,VF-001-20220426101345.wav,7,syng,3.0,s,high,1,1,11.13397318431304,0.0322023946278565,1,0.7772955,0.7138888888888889
0017_MKZ,VF-001-20220426101345.wav,10,salme,3.0,s,high,1,1,11.13397318431304,0.0322023946278565,1,0.7772955,0.7138888888888889
0017_MKZ,VF-001-20220426101345.wav,33,sko,3.0,s,high,0,2,11.13397318431304,0.0322023946278565,1,0.63653433,0.6444444444444444
0017_MKZ,VF-001-20220426101345.wav,36,sok,3.0,s,high,1,2,11.13397318431304,0.0322023946278565,1,0.63653433,0.6444444444444444
0017_MKZ,VF-001-20220426101345.wav,42,sænk,2.0,s,high,1,2,11.13397318431304,0.0322023946278565,1,0.63653433,0.6444444444444444
0017_MKZ,VF-001-20220426101345.wav,48,sweater,3.0,s,high,1,2,11.13397318431304,0.0322023946278565,1,0.63653433,0.6444444444444444
0017_MKZ,VF-001-20220426101345.wav,51,sofa,3.0,s,high,1,2,11.13397318431304,0.0322023946278565,1,0.63653433,0.6444444444444444
0016_DXU,VF-003-20220331120019.wav,2,mor,3.0,m,high,0,1,7.795790020861975,0.0546010292288507,3,0.7548623,0.7055555555555556
0016_DXU,VF-003-20220331120019.wav,4,mutti,3.0,m,high,1,1,7.795790020861975,0.0546010292288507,3,0.7548623,0.7055555555555556
0016_DXU,VF-003-20220331120019.wav,7,medalje,3.0,m,high,1,1,7.795790020861975,0.0546010292288507,3,0.7548623,0.7055555555555556
0016_DXU,VF-003-20220331120019.wav,25,mester,3.0,m,high,0,2,7.795790020861975,0.0546010292288507,3,0.66388625,0.7087037037037037
0016_DXU,VF-003-20220331120019.wav,34,modhager,3.0,m,high,1,2,7.795790020861975,0.0546010292288507,3,0.66388625,0.7087037037037037
0016_DXU,VF-003-20220331120019.wav,38,moderne,3.0,m,high,1,2,7.795790020861975,0.0546010292288507,3,0.66388625,0.7087037037037037
0016_DXU,VF-003-20220331120019.wav,57,meg-scanner,3.0,m,high,1,2,7.795790020861975,0.0546010292288507,3,0.66388625,0.7087037037037037
0016_DXU,VF-003-20220331105531.wav,2,luffe,3.0,l,high,0,1,7.265555403996651,0.0471835189511961,1,0.8537218,0.611111111111111
0016_DXU,VF-003-20220331105531.wav,5,lort,3.0,l,high,1,1,7.265555403996651,0.0471835189511961,1,0.8537218,0.611111111111111
0016_DXU,VF-003-20220331105531.wav,21,lege,3.0,l,high,0,2,7.265555403996651,0.0471835189511961,1,0.8010079,0.8222222222222222
0016_DXU,VF-003-20220331105531.wav,26,lejlighed,3.0,l,high,1,2,7.265555403996651,0.0471835189511961,1,0.8010079,0.8222222222222222
0016_DXU,VF-003-20220331105531.wav,44,lamper,3.0,l,high,0,3,7.265555403996651,0.0471835189511961,1,0.93211347,0.9416666666666667
0016_DXU,VF-003-20220331105531.wav,45,lampe,3.0,l,high,1,3,7.265555403996651,0.0471835189511961,1,0.93211347,0.9416666666666667
0016_DXU,VF-002-20220331115911.wav,14,prævention,3.0,p,high,0,1,14.275324708838763,0.0121958996038329,3,0.77624255,0.5
0016_DXU,VF-002-20220331115911.wav,19,politi,3.0,p,high,1,1,14.275324708838763,0.0121958996038329,3,0.77624255,0.5
0016_DXU,VF-002-20220331115911.wav,28,pædagog,3.0,p,high,0,2,14.275324708838763,0.0121958996038329,3,0.7611916,0.6666666666666666
0016_DXU,VF-002-20220331115911.wav,34,parkere,3.0,p,high,1,2,14.275324708838763,0.0121958996038329,3,0.7611916,0.6666666666666666
0016_DXU,VF-002-20220331105422.wav,3,bjørn,3.0,b,high,0,1,7.039261504260124,0.049230941652124,1,0.7745738,0.775
0016_DXU,VF-002-20220331105422.wav,4,bo,3.0,b,high,1,1,7.039261504260124,0.049230941652124,1,0.7745738,0.775
0016_DXU,VF-002-20220331105422.wav,26,bil,3.0,b,high,0,2,7.039261504260124,0.049230941652124,1,0.72494984,0.6761111111111111
0016_DXU,VF-002-20220331105422.wav,27,bilhjul,3.0,b,high,1,2,7.039261504260124,0.049230941652124,1,0.72494984,0.6761111111111111
0016_DXU,VF-002-20220331105422.wav,40,brand,2.0,b,high,1,2,7.039261504260124,0.049230941652124,1,0.72494984,0.6761111111111111
0016_DXU,VF-002-20220331105422.wav,47,briller,3.0,b,high,1,2,7.039261504260124,0.049230941652124,1,0.72494984,0.6761111111111111
0016_DXU,VF-001-20220331115803.wav,2,sofa,3.0,s,medium,0,1,13.435692334865122,0.0229151001025786,3,0.72685736,0.6355555555555555
0016_DXU,VF-001-20220331115803.wav,5,sofabord,3.0,s,medium,1,1,13.435692334865122,0.0229151001025786,3,0.72685736,0.6355555555555555
0016_DXU,VF-001-20220331115803.wav,7,slange,3.0,s,medium,1,1,13.435692334865122,0.0229151001025786,3,0.72685736,0.6355555555555555
0016_DXU,VF-001-20220331115803.wav,19,støvle,3.0,s,medium,0,2,13.435692334865122,0.0229151001025786,3,0.9882279,0.5833333333333334
0016_DXU,VF-001-20220331115803.wav,22,sko,3.0,s,medium,1,2,13.435692334865122,0.0229151001025786,3,0.9882279,0.5833333333333334
0016_DXU,VF-001-20220331115803.wav,28,strømpe,3.0,s,medium,0,3,13.435692334865122,0.0229151001025786,3,0.85580224,0.6537037037037038
0016_DXU,VF-001-20220331115803.wav,32,strømpebukser,3.0,s,medium,1,3,13.435692334865122,0.0229151001025786,3,0.85580224,0.6537037037037038
0016_DXU,VF-001-20220331115803.wav,35,shorts,3.0,s,medium,1,3,13.435692334865122,0.0229151001025786,3,0.85580224,0.6537037037037038
0016_DXU,VF-001-20220331105314.wav,2,fæ,3.0,f,medium,0,1,9.379189526629542,0.0791515724229085,1,0.92829496,0.775
0016_DXU,VF-001-20220331105314.wav,3,fjols,3.0,f,medium,1,1,9.379189526629542,0.0791515724229085,1,0.92829496,0.775
0016_DXU,VF-001-20220331105314.wav,5,fod,3.0,f,medium,0,2,9.379189526629542,0.0791515724229085,1,0.7524283,0.6817460317460317
0016_DXU,VF-001-20220331105314.wav,6,frisør,3.0,f,medium,1,2,9.379189526629542,0.0791515724229085,1,0.7524283,0.6817460317460317
0016_DXU,VF-001-20220331105314.wav,7,frisørsaks,3.0,f,medium,1,2,9.379189526629542,0.0791515724229085,1,0.7524283,0.6817460317460317
0016_DXU,VF-001-20220331105314.wav,22,fodskinne,2.0,f,medium,0,3,9.379189526629542,0.0791515724229085,1,0.7591963,0.6767460317460318
0016_DXU,VF-001-20220331105314.wav,23,fodtøj,3.0,f,medium,1,3,9.379189526629542,0.0791515724229085,1,0.7591963,0.6767460317460318
0016_DXU,VF-001-20220331105314.wav,27,finger,2.0,f,medium,1,3,9.379189526629542,0.0791515724229085,1,0.7591963,0.6767460317460318
0016_DXU,VF-001-20220331105314.wav,29,fingernegl,3.0,f,medium,1,3,9.379189526629542,0.0791515724229085,1,0.7591963,0.6767460317460318
0016_DXU,VF-001-20220331105314.wav,30,fingerbøl,3.0,f,medium,1,3,9.379189526629542,0.0791515724229085,1,0.7591963,0.6767460317460318
0015_J0K,VF-003-20181126121703.wav,2,lønseddel,2.0,l,medium,0,1,26.60070537565412,0.0170787992098222,3,0.6555209,0.5898148148148148
0015_J0K,VF-003-20181126121703.wav,4,lama,3.0,l,medium,1,1,26.60070537565412,0.0170787992098222,3,0.6555209,0.5898148148148148
0015_J0K,VF-003-20181126121703.wav,6,lejlighed,3.0,l,medium,1,1,26.60070537565412,0.0170787992098222,3,0.6555209,0.5898148148148148
0015_J0K,VF-003-20181126121703.wav,8,luksus,3.0,l,medium,1,1,26.60070537565412,0.0170787992098222,3,0.6555209,0.5898148148148148
0015_J0K,VF-003-20181126121703.wav,11,landskab,3.0,l,medium,0,2,26.60070537565412,0.0170787992098222,3,0.74579054,0.6666666666666666
0015_J0K,VF-003-20181126121703.wav,13,lotteri,3.0,l,medium,1,2,26.60070537565412,0.0170787992098222,3,0.74579054,0.6666666666666666
0015_J0K,VF-003-20181126121703.wav,26,luksus,3.0,l,medium,0,3,26.60070537565412,0.0170787992098222,3,0.77618855,0.5370370370370371
0015_J0K,VF-003-20181126121703.wav,29,lagen,2.0,l,medium,1,3,26.60070537565412,0.0170787992098222,3,0.77618855,0.5370370370370371
0015_J0K,VF-003-20181126121703.wav,32,løft,2.0,l,medium,1,3,26.60070537565412,0.0170787992098222,3,0.77618855,0.5370370370370371
0015_J0K,VF-003-20181126121703.wav,45,la,1.0,l,medium,0,5,26.60070537565412,0.0170787992098222,3,0.7438572,0.75
0015_J0K,VF-003-20181126121703.wav,49,lama,2.0,l,medium,1,5,26.60070537565412,0.0170787992098222,3,0.7438572,0.75
0015_J0K,VF-003-20181126121703.wav,53,liste,2.0,l,medium,1,5,26.60070537565412,0.0170787992098222,3,0.7438572,0.75
0015_J0K,VF-003-20181126121703.wav,56,lemfærdig,2.0,l,medium,1,5,26.60070537565412,0.0170787992098222,3,0.7438572,0.75
0015_J0K,VF-003-20181126112016.wav,1,mus,3.0,m,medium,0,1,15.796733660194516,0.0345985590827205,2,0.762085,0.6851851851851851
0015_J0K,VF-003-20181126112016.wav,2,mave,3.0,m,medium,1,1,15.796733660194516,0.0345985590827205,2,0.762085,0.6851851851851851
0015_J0K,VF-003-20181126112016.wav,4,mand,3.0,m,medium,1,1,15.796733660194516,0.0345985590827205,2,0.762085,0.6851851851851851
0015_J0K,VF-003-20181126112016.wav,6,mund,3.0,m,medium,1,1,15.796733660194516,0.0345985590827205,2,0.762085,0.6851851851851851
0015_J0K,VF-003-20181126112016.wav,28,mark,3.0,m,medium,0,2,15.796733660194516,0.0345985590827205,2,0.58204544,0.6238095238095238
0015_J0K,VF-003-20181126112016.wav,30,mejeri,3.0,m,medium,1,2,15.796733660194516,0.0345985590827205,2,0.58204544,0.6238095238095238
0015_J0K,VF-003-20181126112016.wav,35,måske,3.0,m,medium,1,2,15.796733660194516,0.0345985590827205,2,0.58204544,0.6238095238095238
0015_J0K,VF-003-20181126112016.wav,41,miskundhed,1.0,m,medium,1,2,15.796733660194516,0.0345985590827205,2,0.58204544,0.6238095238095238
0015_J0K,VF-003-20181126112016.wav,49,malkemaskine,2.0,m,medium,1,2,15.796733660194516,0.0345985590827205,2,0.58204544,0.6238095238095238
0015_J0K,VF-003-20181126112016.wav,54,,1.0,m,medium,1,2,15.796733660194516,0.0345985590827205,2,0.58204544,0.6238095238095238
0015_J0K,VF-003-20181126095842.wav,2,dukkehus,3.0,d,medium,0,1,8.315754813724617,0.0450234793358214,1,0.7538193,0.48333333333333334
0015_J0K,VF-003-20181126095842.wav,4,danmark,3.0,d,medium,1,1,8.315754813724617,0.0450234793358214,1,0.7538193,0.48333333333333334
0015_J0K,VF-003-20181126095842.wav,10,dumdristig,3.0,d,medium,0,2,8.315754813724617,0.0450234793358214,1,0.7625098,0.5952380952380952
0015_J0K,VF-003-20181126095842.wav,13,drilleri,3.0,d,medium,1,2,8.315754813724617,0.0450234793358214,1,0.7625098,0.5952380952380952
0015_J0K,VF-003-20181126095842.wav,34,dalende,3.0,d,medium,0,3,8.315754813724617,0.0450234793358214,1,0.71585655,0.7037037037037037
0015_J0K,VF-003-20181126095842.wav,41,diskotek,3.0,d,medium,1,3,8.315754813724617,0.0450234793358214,1,0.71585655,0.7037037037037037
0015_J0K,VF-003-20181126095842.wav,54,drømmeland,3.0,d,medium,1,3,8.315754813724617,0.0450234793358214,1,0.71585655,0.7037037037037037
0015_J0K,VF-002-20181126121550.wav,5,brik,2.0,b,medium,0,1,17.059474657339496,0.0254150303013965,3,0.79099923,0.5555555555555555
0015_J0K,VF-002-20181126121550.wav,7,banan,3.0,b,medium,1,1,17.059474657339496,0.0254150303013965,3,0.79099923,0.5555555555555555
0015_J0K,VF-002-20181126121550.wav,23,banker,1.0,b,medium,0,3,17.059474657339496,0.0254150303013965,3,0.7724728,0.48333333333333334
0015_J0K,VF-002-20181126121550.wav,25,bestant,1.0,b,medium,1,3,17.059474657339496,0.0254150303013965,3,0.7724728,0.48333333333333334
0015_J0K,VF-002-20181126111903.wav,2,påskelilje,3.0,p,medium,0,1,24.05381786238675,0.0161022806874729,2,0.7856806,0.47222222222222215
0015_J0K,VF-002-20181126111903.wav,3,påfund,2.0,p,medium,1,1,24.05381786238675,0.0161022806874729,2,0.7856806,0.47222222222222215
0015_J0K,VF-002-20181126111903.wav,12,panorama,3.0,p,medium,0,2,24.05381786238675,0.0161022806874729,2,0.7523722,0.8666666666666667
0015_J0K,VF-002-20181126111903.wav,15,panter,2.0,p,medium,1,2,24.05381786238675,0.0161022806874729,2,0.7523722,0.8666666666666667
0015_J0K,VF-002-20181126111903.wav,24,pestilens,3.0,p,medium,0,3,24.05381786238675,0.0161022806874729,2,0.60490435,0.5837037037037037
0015_J0K,VF-002-20181126111903.wav,26,pegefinger,3.0,p,medium,1,3,24.05381786238675,0.0161022806874729,2,0.60490435,0.5837037037037037
0015_J0K,VF-002-20181126111903.wav,29,puls,3.0,p,medium,1,3,24.05381786238675,0.0161022806874729,2,0.60490435,0.5837037037037037
0015_J0K,VF-002-20181126111903.wav,31,papfigur,3.0,p,medium,1,3,24.05381786238675,0.0161022806874729,2,0.60490435,0.5837037037037037
0015_J0K,VF-002-20181126095729.wav,1,tulipan,3.0,t,medium,0,1,10.417341470106884,0.0377235206774001,1,0.72663397,0.48333333333333334
0015_J0K,VF-002-20181126095729.wav,3,traktor,3.0,t,medium,1,1,10.417341470106884,0.0377235206774001,1,0.72663397,0.48333333333333334
0015_J0K,VF-002-20181126095729.wav,26,tennisbold,3.0,t,medium,0,2,10.417341470106884,0.0377235206774001,1,0.7311527,0.6428571428571429
0015_J0K,VF-002-20181126095729.wav,33,tankevækkende,3.0,t,medium,1,2,10.417341470106884,0.0377235206774001,1,0.7311527,0.6428571428571429
0015_J0K,VF-002-20181126095729.wav,45,time,2.0,t,medium,0,3,10.417341470106884,0.0377235206774001,1,0.7355933,0.7296296296296295
0015_J0K,VF-002-20181126095729.wav,52,tumpe,3.0,t,medium,1,3,10.417341470106884,0.0377235206774001,1,0.7355933,0.7296296296296295
0015_J0K,VF-002-20181126095729.wav,59,tale,3.0,t,medium,1,3,10.417341470106884,0.0377235206774001,1,0.7355933,0.7296296296296295
0015_J0K,VF-001-20181126121437.wav,2,fugl,3.0,f,medium,0,1,23.70461738095629,0.0178949715067886,3,0.8188818,0.6666666666666666
0015_J0K,VF-001-20181126121437.wav,4,foxtrot,3.0,f,medium,1,1,23.70461738095629,0.0178949715067886,3,0.8188818,0.6666666666666666
0015_J0K,VF-001-20181126121437.wav,18,fandt,3.0,f,medium,0,2,23.70461738095629,0.0178949715067886,3,0.8031419,0.7533333333333333
0015_J0K,VF-001-20181126121437.wav,20,funkel,2.0,f,medium,1,2,23.70461738095629,0.0178949715067886,3,0.8031419,0.7533333333333333
0015_J0K,VF-001-20181126121437.wav,23,funkler,3.0,f,medium,1,2,23.70461738095629,0.0178949715067886,3,0.8031419,0.7533333333333333
0015_J0K,VF-001-20181126121437.wav,31,fandango,3.0,f,medium,0,3,23.70461738095629,0.0178949715067886,3,0.6817315,0.6661111111111112
0015_J0K,VF-001-20181126121437.wav,34,findes,3.0,f,medium,1,3,23.70461738095629,0.0178949715067886,3,0.6817315,0.6661111111111112
0015_J0K,VF-001-20181126121437.wav,38,fuck,3.0,f,medium,1,3,23.70461738095629,0.0178949715067886,3,0.6817315,0.6661111111111112
0015_J0K,VF-001-20181126121437.wav,52,fandtes,3.0,f,medium,0,4,23.70461738095629,0.0178949715067886,3,0.9156466,0.5111111111111111
0015_J0K,VF-001-20181126121437.wav,55,fakkel,3.0,f,medium,1,4,23.70461738095629,0.0178949715067886,3,0.9156466,0.5111111111111111
0015_J0K,VF-001-20181126111750.wav,1,sukker,3.0,s,medium,0,1,30.357257138053857,0.0125450282179472,2,0.697377,0.5740740740740741
0015_J0K,VF-001-20181126111750.wav,3,sejlskib,3.0,s,medium,1,1,30.357257138053857,0.0125450282179472,2,0.697377,0.5740740740740741
0015_J0K,VF-001-20181126111750.wav,5,søværn,3.0,s,medium,1,1,30.357257138053857,0.0125450282179472,2,0.697377,0.5740740740740741
0015_J0K,VF-001-20181126111750.wav,12,solskin,3.0,s,medium,0,2,30.357257138053857,0.0125450282179472,2,0.8204835,0.5777777777777778
0015_J0K,VF-001-20181126111750.wav,15,snørrebånd,3.0,s,medium,1,2,30.357257138053857,0.0125450282179472,2,0.8204835,0.5777777777777778
0015_J0K,VF-001-20181126111750.wav,19,sælskind,3.0,s,medium,0,3,30.357257138053857,0.0125450282179472,2,0.83994323,0.6486243386243387
0015_J0K,VF-001-20181126111750.wav,22,syerske,3.0,s,medium,1,3,30.357257138053857,0.0125450282179472,2,0.83994323,0.6486243386243387
0015_J0K,VF-001-20181126111750.wav,25,sandfærdig,3.0,s,medium,1,3,30.357257138053857,0.0125450282179472,2,0.83994323,0.6486243386243387
0015_J0K,VF-001-20181126111750.wav,30,,1.0,s,medium,0,4,30.357257138053857,0.0125450282179472,2,0.57419837,0.6512380952380952
0015_J0K,VF-001-20181126111750.wav,33,sene,2.0,s,medium,1,4,30.357257138053857,0.0125450282179472,2,0.57419837,0.6512380952380952
0015_J0K,VF-001-20181126111750.wav,35,sundhed,3.0,s,medium,1,4,30.357257138053857,0.0125450282179472,2,0.57419837,0.6512380952380952
0015_J0K,VF-001-20181126111750.wav,39,solsikke,3.0,s,medium,1,4,30.357257138053857,0.0125450282179472,2,0.57419837,0.6512380952380952
0015_J0K,VF-001-20181126111750.wav,42,sandfærdig,3.0,s,medium,1,4,30.357257138053857,0.0125450282179472,2,0.57419837,0.6512380952380952
0015_J0K,VF-001-20181126111750.wav,45,system,3.0,s,medium,1,4,30.357257138053857,0.0125450282179472,2,0.57419837,0.6512380952380952
0015_J0K,VF-001-20181126095616.wav,6,kennel,3.0,k,medium,0,1,22.261535821025284,0.0188996255209172,1,0.57604563,0.6716931216931217
0015_J0K,VF-001-20181126095616.wav,8,kan,3.0,k,medium,1,1,22.261535821025284,0.0188996255209172,1,0.57604563,0.6716931216931217
0015_J0K,VF-001-20181126095616.wav,10,kunstværk,3.0,k,medium,1,1,22.261535821025284,0.0188996255209172,1,0.57604563,0.6716931216931217
0015_J0K,VF-001-20181126095616.wav,12,kirke,3.0,k,medium,1,1,22.261535821025284,0.0188996255209172,1,0.57604563,0.6716931216931217
0015_J0K,VF-001-20181126095616.wav,16,kunstfærdigt,3.0,k,medium,0,2,22.261535821025284,0.0188996255209172,1,0.80075246,0.611111111111111
0015_J0K,VF-001-20181126095616.wav,19,kærnemælk,3.0,k,medium,1,2,22.261535821025284,0.0188996255209172,1,0.80075246,0.611111111111111
0015_J0K,VF-001-20181126095616.wav,30,kaste,3.0,k,medium,0,3,22.261535821025284,0.0188996255209172,1,0.7717507,0.6666666666666665
0015_J0K,VF-001-20181126095616.wav,32,kaste,3.0,k,medium,1,3,22.261535821025284,0.0188996255209172,1,0.7717507,0.6666666666666665
0015_J0K,VF-001-20181126095616.wav,36,kører,2.0,k,medium,1,3,22.261535821025284,0.0188996255209172,1,0.7717507,0.6666666666666665
0015_J0K,VF-001-20181126095616.wav,39,kalender,3.0,k,medium,1,3,22.261535821025284,0.0188996255209172,1,0.7717507,0.6666666666666665
0008_ATW,VF-001-20170329101042.wav,1,Flaske,2.0,f,high,0,1,63.287727106260576,0.0023955512940854,1,0.85886,0.5833333333333334
0008_ATW,VF-001-20170329101042.wav,4,Fare,3.0,f,high,1,1,63.287727106260576,0.0023955512940854,1,0.85886,0.5833333333333334
0008_ATW,VF-001-20170329101042.wav,31,Forfra,3.0,f,high,0,2,63.287727106260576,0.0023955512940854,1,0.71645194,0.6407407407407407
0008_ATW,VF-001-20170329101042.wav,35,Forbi,3.0,f,high,1,2,63.287727106260576,0.0023955512940854,1,0.71645194,0.6407407407407407
0008_ATW,VF-001-20170329101042.wav,41,Fjender,3.0,f,high,1,2,63.287727106260576,0.0023955512940854,1,0.71645194,0.6407407407407407
0008_ATW,VF-001-20170329101042.wav,48,Forhold,3.0,f,high,1,2,63.287727106260576,0.0023955512940854,1,0.71645194,0.6407407407407407
0008_ATW,VF-001-20170329112757.wav,13,Kasper,3.0,k,high,0,1,20.48928024447353,0.0151857272361968,3,0.64700735,0.7484126984126984
0008_ATW,VF-001-20170329112757.wav,16,Kat,3.0,k,high,1,1,20.48928024447353,0.0151857272361968,3,0.64700735,0.7484126984126984
0008_ATW,VF-001-20170329112757.wav,18,Ko,3.0,k,high,1,1,20.48928024447353,0.0151857272361968,3,0.64700735,0.7484126984126984
0008_ATW,VF-001-20170329112757.wav,20,Klaustrofobi,3.0,k,high,1,1,20.48928024447353,0.0151857272361968,3,0.64700735,0.7484126984126984
0008_ATW,VF-001-20170329112757.wav,28,Kaffe,3.0,k,high,0,2,20.48928024447353,0.0151857272361968,3,0.98038673,0.8666666666666667
0008_ATW,VF-001-20170329112757.wav,31,Kaffekop,3.0,k,high,1,2,20.48928024447353,0.0151857272361968,3,0.98038673,0.8666666666666667
0008_ATW,VF-001-20170329112757.wav,47,Kammermusik,3.0,k,high,0,3,20.48928024447353,0.0151857272361968,3,0.7934719,0.6413888888888888
0008_ATW,VF-001-20170329112757.wav,51,Kammerorkester,3.0,k,high,1,3,20.48928024447353,0.0151857272361968,3,0.7934719,0.6413888888888888
0008_ATW,VF-001-20170329112757.wav,56,Kasse,3.0,k,high,1,3,20.48928024447353,0.0151857272361968,3,0.7934719,0.6413888888888888
0008_ATW,VF-001-20170329124340.wav,1,Sø,3.0,s,high,0,1,182.70025708455984,0.0018506532120183,2,0.7300455,0.6741666666666666
0008_ATW,VF-001-20170329124340.wav,2,Solsikke?,2.0,s,high,1,1,182.70025708455984,0.0018506532120183,2,0.7300455,0.6741666666666666
0008_ATW,VF-001-20170329124340.wav,3,Sol,3.0,s,high,1,1,182.70025708455984,0.0018506532120183,2,0.7300455,0.6741666666666666
0008_ATW,VF-001-20170329124340.wav,5,Sommerdrik,2.0,s,high,1,1,182.70025708455984,0.0018506532120183,2,0.7300455,0.6741666666666666
0008_ATW,VF-001-20170329124340.wav,6,Saftevand,3.0,s,high,1,1,182.70025708455984,0.0018506532120183,2,0.7300455,0.6741666666666666
0008_ATW,VF-001-20170329124340.wav,27,Sjov,3.0,s,high,0,2,182.70025708455984,0.0018506532120183,2,0.81848115,0.7066666666666666
0008_ATW,VF-001-20170329124340.wav,30,Sibbe,3.0,s,high,1,2,182.70025708455984,0.0018506532120183,2,0.81848115,0.7066666666666666
0008_ATW,VF-001-20170329124340.wav,31,Sjibbetov,3.0,s,high,1,2,182.70025708455984,0.0018506532120183,2,0.81848115,0.7066666666666666
0008_ATW,VF-001-20170329124340.wav,40,Savl,3.0,s,high,0,3,182.70025708455984,0.0018506532120183,2,0.7101686,0.6159999999999999
0008_ATW,VF-001-20170329124340.wav,42,Sommer,3.0,s,high,1,3,182.70025708455984,0.0018506532120183,2,0.7101686,0.6159999999999999
0008_ATW,VF-001-20170329124340.wav,44,Sol,3.0,s,high,1,3,182.70025708455984,0.0018506532120183,2,0.7101686,0.6159999999999999
0008_ATW,VF-001-20170329124340.wav,46,Strand,3.0,s,high,1,3,182.70025708455984,0.0018506532120183,2,0.7101686,0.6159999999999999
0008_ATW,VF-001-20170329124340.wav,48,Sten,3.0,s,high,1,3,182.70025708455984,0.0018506532120183,2,0.7101686,0.6159999999999999
0008_ATW,VF-001-20170329124340.wav,54,Syd,3.0,s,high,0,4,182.70025708455984,0.0018506532120183,2,0.7691579,0.7296296296296297
0008_ATW,VF-001-20170329124340.wav,56,Sønderjylland,3.0,s,high,1,4,182.70025708455984,0.0018506532120183,2,0.7691579,0.7296296296296297
0008_ATW,VF-001-20170329124340.wav,58,Sydjylland,3.0,s,high,1,4,182.70025708455984,0.0018506532120183,2,0.7691579,0.7296296296296297
0008_ATW,VF-001-20170329124340.wav,59,Skagen,3.0,s,high,1,4,182.70025708455984,0.0018506532120183,2,0.7691579,0.7296296296296297
0008_ATW,VF-002-20170329101155.wav,1,Banan,2.0,b,medium,0,1,17.186088888824628,0.0249440897592195,1,0.57259643,0.4537037037037037
0008_ATW,VF-002-20170329101155.wav,3,Boldt,2.0,b,medium,1,1,17.186088888824628,0.0249440897592195,1,0.57259643,0.4537037037037037
0008_ATW,VF-002-20170329101155.wav,4,Lyse?,1.0,b,medium,1,1,17.186088888824628,0.0249440897592195,1,0.57259643,0.4537037037037037
0008_ATW,VF-002-20170329101155.wav,5,Bukser,3.0,b,medium,1,1,17.186088888824628,0.0249440897592195,1,0.57259643,0.4537037037037037
0008_ATW,VF-002-20170329101155.wav,26,Bil,3.0,b,medium,0,2,17.186088888824628,0.0249440897592195,1,0.6458196,0.6654320987654322
0008_ATW,VF-002-20170329101155.wav,27,Bog,3.0,b,medium,1,2,17.186088888824628,0.0249440897592195,1,0.6458196,0.6654320987654322
0008_ATW,VF-002-20170329101155.wav,30,Boksehandsker,3.0,b,medium,1,2,17.186088888824628,0.0249440897592195,1,0.6458196,0.6654320987654322
0008_ATW,VF-002-20170329101155.wav,46,Bi,3.0,b,medium,0,3,17.186088888824628,0.0249440897592195,1,0.6034445,0.6773611111111112
0008_ATW,VF-002-20170329101155.wav,48,Blomst,3.0,b,medium,1,3,17.186088888824628,0.0249440897592195,1,0.6034445,0.6773611111111112
0008_ATW,VF-002-20170329101155.wav,52,Bøjning?,2.0,b,medium,1,3,17.186088888824628,0.0249440897592195,1,0.6034445,0.6773611111111112
0008_ATW,VF-002-20170329101155.wav,59,Bananyoghurt,3.0,b,medium,1,3,17.186088888824628,0.0249440897592195,1,0.6034445,0.6773611111111112
0008_ATW,VF-002-20170329112910.wav,4,tage,1.0,t,medium,0,1,27.946940872970604,0.0130547113426405,3,0.8892043,0.8500000000000001
0008_ATW,VF-002-20170329112910.wav,6,tunget?,1.0,t,medium,1,1,27.946940872970604,0.0130547113426405,3,0.8892043,0.8500000000000001
0008_ATW,VF-002-20170329112910.wav,21,tekop,3.0,t,medium,0,2,27.946940872970604,0.0130547113426405,3,0.7239636,0.6983333333333333
0008_ATW,VF-002-20170329112910.wav,24,telefon,3.0,t,medium,1,2,27.946940872970604,0.0130547113426405,3,0.7239636,0.6983333333333333
0008_ATW,VF-002-20170329112910.wav,27,træls,3.0,t,medium,1,2,27.946940872970604,0.0130547113426405,3,0.7239636,0.6983333333333333
0008_ATW,VF-002-20170329112910.wav,30,to,2.0,t,medium,1,2,27.946940872970604,0.0130547113426405,3,0.7239636,0.6983333333333333
0008_ATW,VF-002-20170329112910.wav,31,tre,3.0,t,medium,1,2,27.946940872970604,0.0130547113426405,3,0.7239636,0.6983333333333333
0008_ATW,VF-002-20170329112910.wav,52,tube,3.0,t,medium,0,3,27.946940872970604,0.0130547113426405,3,0.77001923,0.7333333333333334
0008_ATW,VF-002-20170329112910.wav,54,tandspasta,3.0,t,medium,1,3,27.946940872970604,0.0130547113426405,3,0.77001923,0.7333333333333334
0008_ATW,VF-002-20170329112910.wav,55,tandbørste,3.0,t,medium,1,3,27.946940872970604,0.0130547113426405,3,0.77001923,0.7333333333333334
0008_ATW,VF-002-20170329124453.wav,1,pære,3.0,p,medium,0,1,20.53028802607384,0.0225911443743014,2,0.76264125,0.8095238095238095
0008_ATW,VF-002-20170329124453.wav,3,præsentation,2.0,p,medium,1,1,20.53028802607384,0.0225911443743014,2,0.76264125,0.8095238095238095
0008_ATW,VF-002-20170329124453.wav,18,populær,3.0,p,medium,0,2,20.53028802607384,0.0225911443743014,2,0.69212353,0.6801111111111111
0008_ATW,VF-002-20170329124453.wav,20,popmusik,3.0,p,medium,1,2,20.53028802607384,0.0225911443743014,2,0.69212353,0.6801111111111111
0008_ATW,VF-002-20170329124453.wav,22,pop,3.0,p,medium,1,2,20.53028802607384,0.0225911443743014,2,0.69212353,0.6801111111111111
0008_ATW,VF-002-20170329124453.wav,24,pels,3.0,p,medium,1,2,20.53028802607384,0.0225911443743014,2,0.69212353,0.6801111111111111
0008_ATW,VF-002-20170329124453.wav,27,pekinggeser,3.0,p,medium,1,2,20.53028802607384,0.0225911443743014,2,0.69212353,0.6801111111111111
0008_ATW,VF-002-20170329124453.wav,35,plade,3.0,p,medium,0,3,20.53028802607384,0.0225911443743014,2,0.67407876,0.6166666666666666
0008_ATW,VF-002-20170329124453.wav,40,popstar,3.0,p,medium,1,3,20.53028802607384,0.0225911443743014,2,0.67407876,0.6166666666666666
0008_ATW,VF-002-20170329124453.wav,45,paprika,3.0,p,medium,1,3,20.53028802607384,0.0225911443743014,2,0.67407876,0.6166666666666666
0008_ATW,VF-002-20170329124453.wav,52,plakat,3.0,p,medium,0,4,20.53028802607384,0.0225911443743014,2,0.77137756,0.7777777777777778
0008_ATW,VF-002-20170329124453.wav,55,pølse,3.0,p,medium,1,4,20.53028802607384,0.0225911443743014,2,0.77137756,0.7777777777777778
0008_ATW,VF-003-20170329101309.wav,2,liste,2.0,l,medium,0,1,11.925827048331168,0.0307396229939976,1,0.781318,0.611111111111111
0008_ATW,VF-003-20170329101309.wav,3,lam,3.0,l,medium,1,1,11.925827048331168,0.0307396229939976,1,0.781318,0.611111111111111
0008_ATW,VF-003-20170329101309.wav,11,lommeregner,2.0,l,medium,0,2,11.925827048331168,0.0307396229939976,1,0.8417492,0.6229629629629629
0008_ATW,VF-003-20170329101309.wav,13,lommelærke,3.0,l,medium,1,2,11.925827048331168,0.0307396229939976,1,0.8417492,0.6229629629629629
0008_ATW,VF-003-20170329101309.wav,16,luft,3.0,l,medium,1,2,11.925827048331168,0.0307396229939976,1,0.8417492,0.6229629629629629
0008_ATW,VF-003-20170329101309.wav,25,listesko,2.0,l,medium,0,3,11.925827048331168,0.0307396229939976,1,0.8692088,0.5666666666666667
0008_ATW,VF-003-20170329101309.wav,30,lim,1.0,l,medium,1,3,11.925827048331168,0.0307396229939976,1,0.8692088,0.5666666666666667
0008_ATW,VF-003-20170329101309.wav,38,?,1.0,l,medium,0,4,11.925827048331168,0.0307396229939976,1,0.77741414,0.0
0008_ATW,VF-003-20170329101309.wav,41,løg,3.0,l,medium,1,4,11.925827048331168,0.0307396229939976,1,0.77741414,0.0
0008_ATW,VF-003-20170329113023.wav,0,dum,3.0,d,medium,0,1,8.604373039344612,0.0906586996694829,3,0.81110215,1.0
0008_ATW,VF-003-20170329113023.wav,1,dame,3.0,d,medium,1,1,8.604373039344612,0.0906586996694829,3,0.81110215,1.0
0008_ATW,VF-003-20170329113023.wav,4,danse,2.0,d,medium,0,2,8.604373039344612,0.0906586996694829,3,0.58828443,0.6751322751322751
0008_ATW,VF-003-20170329113023.wav,6,dansk tv,2.0,d,medium,1,2,8.604373039344612,0.0906586996694829,3,0.58828443,0.6751322751322751
0008_ATW,VF-003-20170329113023.wav,8,dr1,3.0,d,medium,1,2,8.604373039344612,0.0906586996694829,3,0.58828443,0.6751322751322751
0008_ATW,VF-003-20170329113023.wav,23,dansepartner,3.0,d,medium,0,3,8.604373039344612,0.0906586996694829,3,0.55422175,0.6187222222222222
0008_ATW,VF-003-20170329113023.wav,31,dørvask?,1.0,d,medium,1,3,8.604373039344612,0.0906586996694829,3,0.55422175,0.6187222222222222
0008_ATW,VF-003-20170329113023.wav,37,duel,2.0,d,medium,1,3,8.604373039344612,0.0906586996694829,3,0.55422175,0.6187222222222222
0008_ATW,VF-003-20170329113023.wav,46,dåse,3.0,d,medium,1,3,8.604373039344612,0.0906586996694829,3,0.55422175,0.6187222222222222
0008_ATW,VF-003-20170329113023.wav,52,dromedar,3.0,d,medium,1,3,8.604373039344612,0.0906586996694829,3,0.55422175,0.6187222222222222
0008_ATW,VF-003-20170329124606.wav,0,?,1.0,m,medium,0,1,17.92766067049088,0.0408767434245993,2,0.74531704,0.2037037037037037
0008_ATW,VF-003-20170329124606.wav,1,mælk,3.0,m,medium,1,1,17.92766067049088,0.0408767434245993,2,0.74531704,0.2037037037037037
0008_ATW,VF-003-20170329124606.wav,2,mette,3.0,m,medium,1,1,17.92766067049088,0.0408767434245993,2,0.74531704,0.2037037037037037
0008_ATW,VF-003-20170329124606.wav,5,medalje,3.0,m,medium,0,2,17.92766067049088,0.0408767434245993,2,0.7915435,0.6333333333333333
0008_ATW,VF-003-20170329124606.wav,6,muligvis,3.0,m,medium,1,2,17.92766067049088,0.0408767434245993,2,0.7915435,0.6333333333333333
0008_ATW,VF-003-20170329124606.wav,9,?,1.0,m,medium,0,3,17.92766067049088,0.0408767434245993,2,0.75338286,0.2888888888888889
0008_ATW,VF-003-20170329124606.wav,11,mus,3.0,m,medium,1,3,17.92766067049088,0.0408767434245993,2,0.75338286,0.2888888888888889
0008_ATW,VF-003-20170329124606.wav,13,maskine,3.0,m,medium,1,3,17.92766067049088,0.0408767434245993,2,0.75338286,0.2888888888888889
0008_ATW,VF-003-20170329124606.wav,28,millioner?,1.0,m,medium,0,4,17.92766067049088,0.0408767434245993,2,0.8173905,0.7481481481481481
0008_ATW,VF-003-20170329124606.wav,31,masser,3.0,m,medium,1,4,17.92766067049088,0.0408767434245993,2,0.8173905,0.7481481481481481
0008_ATW,VF-003-20170329124606.wav,33,masse,3.0,m,medium,1,4,17.92766067049088,0.0408767434245993,2,0.8173905,0.7481481481481481
0008_ATW,VF-003-20170329124606.wav,39,mundharmonika,3.0,m,medium,0,5,17.92766067049088,0.0408767434245993,2,0.65946597,0.638510101010101
0008_ATW,VF-003-20170329124606.wav,41,musik,3.0,m,medium,1,5,17.92766067049088,0.0408767434245993,2,0.65946597,0.638510101010101
0008_ATW,VF-003-20170329124606.wav,49,melodigrandprix,3.0,m,medium,1,5,17.92766067049088,0.0408767434245993,2,0.65946597,0.638510101010101
0008_ATW,VF-003-20170329124606.wav,57,måske,3.0,m,medium,1,5,17.92766067049088,0.0408767434245993,2,0.65946597,0.638510101010101
0009_2QT,VF-001-20170330100707.wav,0,kage,3.0,k,high,0,1,21.656217828514144,0.0181175059807718,1,0.81494015,0.8095238095238095
0009_2QT,VF-001-20170330100707.wav,1,kagekringle,3.0,k,high,1,1,21.656217828514144,0.0181175059807718,1,0.81494015,0.8095238095238095
0009_2QT,VF-001-20170330100707.wav,16,kanin,3.0,k,high,0,2,21.656217828514144,0.0181175059807718,1,0.6902531,0.6018518518518517
0009_2QT,VF-001-20170330100707.wav,17,kanariefugl,3.0,k,high,1,2,21.656217828514144,0.0181175059807718,1,0.6902531,0.6018518518518517
0009_2QT,VF-001-20170330100707.wav,20,kateter,3.0,k,high,1,2,21.656217828514144,0.0181175059807718,1,0.6902531,0.6018518518518517
0009_2QT,VF-001-20170330100707.wav,32,katakismus,3.0,k,high,0,3,21.656217828514144,0.0181175059807718,1,0.7599231,0.6766666666666667
0009_2QT,VF-001-20170330100707.wav,36,ko,3.0,k,high,1,3,21.656217828514144,0.0181175059807718,1,0.7599231,0.6766666666666667
0009_2QT,VF-001-20170330100707.wav,39,kringle,3.0,k,high,1,3,21.656217828514144,0.0181175059807718,1,0.7599231,0.6766666666666667
0009_2QT,VF-001-20170330100707.wav,42,kage,3.0,k,high,1,3,21.656217828514144,0.0181175059807718,1,0.7599231,0.6766666666666667
0009_2QT,VF-001-20170330112323.wav,0,syv,2.0,s,high,0,1,23.647262759662965,0.0188926525427534,3,0.7925818,0.6948148148148148
0009_2QT,VF-001-20170330112323.wav,1,stor,3.0,s,high,1,1,23.647262759662965,0.0188926525427534,3,0.7925818,0.6948148148148148
0009_2QT,VF-001-20170330112323.wav,2,streng,3.0,s,high,1,1,23.647262759662965,0.0188926525427534,3,0.7925818,0.6948148148148148
0009_2QT,VF-001-20170330112323.wav,14,søren,3.0,s,high,0,2,23.647262759662965,0.0188926525427534,3,0.96896005,0.75
0009_2QT,VF-001-20170330112323.wav,16,spurv,2.0,s,high,1,2,23.647262759662965,0.0188926525427534,3,0.96896005,0.75
0009_2QT,VF-001-20170330112323.wav,34,småkager,3.0,s,high,0,3,23.647262759662965,0.0188926525427534,3,0.66029894,0.6037037037037035
0009_2QT,VF-001-20170330112323.wav,36,smør,3.0,s,high,1,3,23.647262759662965,0.0188926525427534,3,0.66029894,0.6037037037037035
0009_2QT,VF-001-20170330112323.wav,40,salt,3.0,s,high,1,3,23.647262759662965,0.0188926525427534,3,0.66029894,0.6037037037037035
0009_2QT,VF-001-20170330112323.wav,42,sand,3.0,s,high,1,3,23.647262759662965,0.0188926525427534,3,0.66029894,0.6037037037037035
0009_2QT,VF-001-20170330112323.wav,54,stork,3.0,s,high,0,4,23.647262759662965,0.0188926525427534,3,0.7858291,0.7546296296296297
0009_2QT,VF-001-20170330112323.wav,57,solsort,3.0,s,high,1,4,23.647262759662965,0.0188926525427534,3,0.7858291,0.7546296296296297
0009_2QT,VF-001-20170330112323.wav,59,stær,3.0,s,high,1,4,23.647262759662965,0.0188926525427534,3,0.7858291,0.7546296296296297
0009_2QT,VF-001-20170330123815.wav,0,fra,1.0,f,high,0,1,14.302471451277675,0.0591978648326659,2,0.85334146,0.8555555555555556
0009_2QT,VF-001-20170330123815.wav,1,fra,2.0,f,high,1,1,14.302471451277675,0.0591978648326659,2,0.85334146,0.8555555555555556
0009_2QT,VF-001-20170330123815.wav,2,fremad,3.0,f,high,1,1,14.302471451277675,0.0591978648326659,2,0.85334146,0.8555555555555556
0009_2QT,VF-001-20170330123815.wav,3,frisk,3.0,f,high,1,1,14.302471451277675,0.0591978648326659,2,0.85334146,0.8555555555555556
0009_2QT,VF-001-20170330123815.wav,13,fanden,3.0,f,high,0,2,14.302471451277675,0.0591978648326659,2,0.75381106,0.7777777777777777
0009_2QT,VF-001-20170330123815.wav,15,fodtøj,3.0,f,high,1,2,14.302471451277675,0.0591978648326659,2,0.75381106,0.7777777777777777
0009_2QT,VF-001-20170330123815.wav,18,fanden?,1.0,f,high,1,2,14.302471451277675,0.0591978648326659,2,0.75381106,0.7777777777777777
0009_2QT,VF-001-20170330123815.wav,23,farfar,3.0,f,high,0,3,14.302471451277675,0.0591978648326659,2,0.73230356,0.5277777777777778
0009_2QT,VF-001-20170330123815.wav,27,find,2.0,f,high,1,3,14.302471451277675,0.0591978648326659,2,0.73230356,0.5277777777777778
0009_2QT,VF-001-20170330123815.wav,38,frede,3.0,f,high,0,4,14.302471451277675,0.0591978648326659,2,0.6679011,0.8111111111111112
0009_2QT,VF-001-20170330123815.wav,42,formel,1.0,f,high,1,4,14.302471451277675,0.0591978648326659,2,0.6679011,0.8111111111111112
0009_2QT,VF-001-20170330123815.wav,53,før,2.0,f,high,1,4,14.302471451277675,0.0591978648326659,2,0.6679011,0.8111111111111112
0009_2QT,VF-001-20170330123815.wav,59,forfra,3.0,f,high,1,4,14.302471451277675,0.0591978648326659,2,0.6679011,0.8111111111111112
0009_2QT,VF-002-20170330100820.wav,1,tand,3.0,t,high,0,1,14.282859861688918,0.0425894238731913,1,0.8175724,0.8222222222222222
0009_2QT,VF-002-20170330100820.wav,2,ting,3.0,t,high,1,1,14.282859861688918,0.0425894238731913,1,0.8175724,0.8222222222222222
0009_2QT,VF-002-20170330100820.wav,13,tandbørste,3.0,t,high,0,2,14.282859861688918,0.0425894238731913,1,0.78132707,0.9111111111111111
0009_2QT,VF-002-20170330100820.wav,16,tand,3.0,t,high,1,2,14.282859861688918,0.0425894238731913,1,0.78132707,0.9111111111111111
0009_2QT,VF-002-20170330100820.wav,18,[tand],3.0,t,high,1,2,14.282859861688918,0.0425894238731913,1,0.78132707,0.9111111111111111
0009_2QT,VF-002-20170330100820.wav,22,torsk,3.0,t,high,0,3,14.282859861688918,0.0425894238731913,1,0.6889362,0.5277777777777778
0009_2QT,VF-002-20170330100820.wav,26,tante,3.0,t,high,1,3,14.282859861688918,0.0425894238731913,1,0.6889362,0.5277777777777778
0009_2QT,VF-002-20170330100820.wav,37,taske,3.0,t,high,0,4,14.282859861688918,0.0425894238731913,1,0.88141376,0.611111111111111
0009_2QT,VF-002-20170330100820.wav,44,tillagde,1.0,t,high,1,4,14.282859861688918,0.0425894238731913,1,0.88141376,0.611111111111111
0009_2QT,VF-002-20170330100820.wav,55,tumpe,3.0,t,high,1,4,14.282859861688918,0.0425894238731913,1,0.88141376,0.611111111111111
0009_2QT,VF-002-20170330112436.wav,1,papegøje,3.0,p,high,0,1,11.461807931639976,0.0392259173422675,3,0.6818798,0.5555555555555557
0009_2QT,VF-002-20170330112436.wav,2,par,3.0,p,high,1,1,11.461807931639976,0.0392259173422675,3,0.6818798,0.5555555555555557
0009_2QT,VF-002-20170330112436.wav,4,pas på,3.0,p,high,1,1,11.461807931639976,0.0392259173422675,3,0.6818798,0.5555555555555557
0009_2QT,VF-002-20170330112436.wav,19,padde,3.0,p,high,0,2,11.461807931639976,0.0392259173422675,3,0.7569826,0.674074074074074
0009_2QT,VF-002-20170330112436.wav,21,padle,2.0,p,high,1,2,11.461807931639976,0.0392259173422675,3,0.7569826,0.674074074074074
0009_2QT,VF-002-20170330112436.wav,23,pa- nej,3.0,p,high,1,2,11.461807931639976,0.0392259173422675,3,0.7569826,0.674074074074074
0009_2QT,VF-002-20170330112436.wav,36,barberer,2.0,p,high,0,3,11.461807931639976,0.0392259173422675,3,0.5967337,0.3682539682539682
0009_2QT,VF-002-20170330112436.wav,41,paraply,3.0,p,high,1,3,11.461807931639976,0.0392259173422675,3,0.5967337,0.3682539682539682
0009_2QT,VF-002-20170330112436.wav,52,padde,3.0,p,high,1,3,11.461807931639976,0.0392259173422675,3,0.5967337,0.3682539682539682
0009_2QT,VF-002-20170330112436.wav,57,plexiglas,3.0,p,high,1,3,11.461807931639976,0.0392259173422675,3,0.5967337,0.3682539682539682
0009_2QT,VF-002-20170330123928.wav,1,barn,3.0,b,high,0,1,16.536209473041577,0.026400939600613,2,0.83058405,0.8666666666666666
0009_2QT,VF-002-20170330123928.wav,2,børn,3.0,b,high,1,1,16.536209473041577,0.026400939600613,2,0.83058405,0.8666666666666666
0009_2QT,VF-002-20170330123928.wav,4,basun,3.0,b,high,1,1,16.536209473041577,0.026400939600613,2,0.83058405,0.8666666666666666
0009_2QT,VF-002-20170330123928.wav,10,bande,3.0,b,high,0,2,16.536209473041577,0.026400939600613,2,0.828594,0.7999999999999999
0009_2QT,VF-002-20170330123928.wav,12,birde,3.0,b,high,1,2,16.536209473041577,0.026400939600613,2,0.828594,0.7999999999999999
0009_2QT,VF-002-20170330123928.wav,17,b,3.0,b,high,0,3,16.536209473041577,0.026400939600613,2,0.83755827,1.0
0009_2QT,VF-002-20170330123928.wav,20,bah,3.0,b,high,1,3,16.536209473041577,0.026400939600613,2,0.83755827,1.0
0009_2QT,VF-002-20170330123928.wav,36,bande,3.0,b,high,0,4,16.536209473041577,0.026400939600613,2,0.8182382,0.6444444444444444
0009_2QT,VF-002-20170330123928.wav,41,bilkø,2.0,b,high,1,4,16.536209473041577,0.026400939600613,2,0.8182382,0.6444444444444444
0009_2QT,VF-002-20170330123928.wav,43,biler,2.0,b,high,1,4,16.536209473041577,0.026400939600613,2,0.8182382,0.6444444444444444
0009_2QT,VF-002-20170330123928.wav,51,barbara,3.0,b,high,0,5,16.536209473041577,0.026400939600613,2,0.8352216,0.7222222222222223
0009_2QT,VF-002-20170330123928.wav,53,barbar,3.0,b,high,1,5,16.536209473041577,0.026400939600613,2,0.8352216,0.7222222222222223
0009_2QT,VF-002-20170330123928.wav,59,bede,2.0,b,high,1,5,16.536209473041577,0.026400939600613,2,0.8352216,0.7222222222222223
0009_2QT,VF-003-20170330100933.wav,1,dan,2.0,d,high,0,1,9.217191124358411,0.0636402326228225,1,0.75872403,0.6888888888888888
0009_2QT,VF-003-20170330100933.wav,2,dumme,3.0,d,high,1,1,9.217191124358411,0.0636402326228225,1,0.75872403,0.6888888888888888
0009_2QT,VF-003-20170330100933.wav,4,dandy,2.0,d,high,1,1,9.217191124358411,0.0636402326228225,1,0.75872403,0.6888888888888888
0009_2QT,VF-003-20170330100933.wav,6,dør,3.0,d,high,1,1,9.217191124358411,0.0636402326228225,1,0.75872403,0.6888888888888888
0009_2QT,VF-003-20170330100933.wav,25,dværg,3.0,d,high,0,2,9.217191124358411,0.0636402326228225,1,0.6257729,0.7352777777777777
0009_2QT,VF-003-20170330100933.wav,28,drage,3.0,d,high,1,2,9.217191124358411,0.0636402326228225,1,0.6257729,0.7352777777777777
0009_2QT,VF-003-20170330100933.wav,39,da,2.0,d,high,1,2,9.217191124358411,0.0636402326228225,1,0.6257729,0.7352777777777777
0009_2QT,VF-003-20170330100933.wav,42,dage,3.0,d,high,1,2,9.217191124358411,0.0636402326228225,1,0.6257729,0.7352777777777777
0009_2QT,VF-003-20170330100933.wav,53,drone,3.0,d,high,1,2,9.217191124358411,0.0636402326228225,1,0.6257729,0.7352777777777777
0009_2QT,VF-003-20170330112549.wav,1,nu,3.0,n,high,0,1,8.360866390242247,0.0407951609244319,3,0.8923653,0.8500000000000001
0009_2QT,VF-003-20170330112549.wav,3,når,3.0,n,high,1,1,8.360866390242247,0.0407951609244319,3,0.8923653,0.8500000000000001
0009_2QT,VF-003-20170330112549.wav,19,nej,3.0,n,high,0,2,8.360866390242247,0.0407951609244319,3,0.8840341,0.5833333333333334
0009_2QT,VF-003-20170330112549.wav,26,nadver?,1.0,n,high,1,2,8.360866390242247,0.0407951609244319,3,0.8840341,0.5833333333333334
0009_2QT,VF-003-20170330112549.wav,37,?,1.0,n,high,0,3,8.360866390242247,0.0407951609244319,3,0.72729796,0.2222222222222222
0009_2QT,VF-003-20170330112549.wav,39,næse,3.0,n,high,1,3,8.360866390242247,0.0407951609244319,3,0.72729796,0.2222222222222222
0009_2QT,VF-003-20170330112549.wav,60,nat,3.0,n,high,1,3,8.360866390242247,0.0407951609244319,3,0.72729796,0.2222222222222222
0009_2QT,VF-003-20170330124041.wav,1,lang,3.0,l,high,0,1,10.740955998334822,0.1047879672751099,2,0.6690615,0.6566666666666666
0009_2QT,VF-003-20170330124041.wav,2,langsom,3.0,l,high,1,1,10.740955998334822,0.1047879672751099,2,0.6690615,0.6566666666666666
0009_2QT,VF-003-20170330124041.wav,3,lotte,2.0,l,high,1,1,10.740955998334822,0.1047879672751099,2,0.6690615,0.6566666666666666
0009_2QT,VF-003-20170330124041.wav,4,lars,3.0,l,high,1,1,10.740955998334822,0.1047879672751099,2,0.6690615,0.6566666666666666
0009_2QT,VF-003-20170330124041.wav,31,lort,3.0,l,high,0,2,10.740955998334822,0.1047879672751099,2,0.7191978,0.6505555555555556
0009_2QT,VF-003-20170330124041.wav,34,lang,3.0,l,high,1,2,10.740955998334822,0.1047879672751099,2,0.7191978,0.6505555555555556
0009_2QT,VF-003-20170330124041.wav,36,lav,3.0,l,high,1,2,10.740955998334822,0.1047879672751099,2,0.7191978,0.6505555555555556
0009_2QT,VF-003-20170330124041.wav,44,lummert,3.0,l,high,1,2,10.740955998334822,0.1047879672751099,2,0.7191978,0.6505555555555556
0009_2QT,VF-003-20170330124041.wav,58,lola,1.0,l,high,1,2,10.740955998334822,0.1047879672751099,2,0.7191978,0.6505555555555556
0009_2QT,VF-003-20170330124041.wav,60,leila,2.0,l,high,1,2,10.740955998334822,0.1047879672751099,2,0.7191978,0.6505555555555556
0010_VJD,VF-001-20170331100053.wav,1,krop,1.0,k,high,0,1,10.464039548329607,0.1038088012708926,1,0.8326703,0.6666666666666666
0010_VJD,VF-001-20170331100053.wav,2,kompetence,1.0,k,high,1,1,10.464039548329607,0.1038088012708926,1,0.8326703,0.6666666666666666
0010_VJD,VF-001-20170331100053.wav,7,kronjuvel,3.0,k,high,0,2,10.464039548329607,0.1038088012708926,1,0.67700076,0.8125
0010_VJD,VF-001-20170331100053.wav,9,kræft,3.0,k,high,1,2,10.464039548329607,0.1038088012708926,1,0.67700076,0.8125
0010_VJD,VF-001-20170331100053.wav,11,krog,3.0,k,high,1,2,10.464039548329607,0.1038088012708926,1,0.67700076,0.8125
0010_VJD,VF-001-20170331100053.wav,12,krave,3.0,k,high,1,2,10.464039548329607,0.1038088012708926,1,0.67700076,0.8125
0010_VJD,VF-001-20170331100053.wav,28,krop,3.0,k,high,0,3,10.464039548329607,0.1038088012708926,1,0.8452429,0.6666666666666666
0010_VJD,VF-001-20170331100053.wav,30,kæmpe,2.0,k,high,1,3,10.464039548329607,0.1038088012708926,1,0.8452429,0.6666666666666666
0010_VJD,VF-001-20170331100053.wav,36,kravler,3.0,k,high,1,3,10.464039548329607,0.1038088012708926,1,0.8452429,0.6666666666666666
0010_VJD,VF-001-20170331111633.wav,0,fed,3.0,f,medium,0,1,12.786322699373056,0.0800771293506332,3,0.7599128,1.0
0010_VJD,VF-001-20170331111633.wav,1,fad,3.0,f,medium,1,1,12.786322699373056,0.0800771293506332,3,0.7599128,1.0
0010_VJD,VF-001-20170331111633.wav,3,fulderik,3.0,f,medium,0,2,12.786322699373056,0.0800771293506332,3,0.78515893,0.6577777777777777
0010_VJD,VF-001-20170331111633.wav,4,fuld,3.0,f,medium,1,2,12.786322699373056,0.0800771293506332,3,0.78515893,0.6577777777777777
0010_VJD,VF-001-20170331111633.wav,5,fimse,2.0,f,medium,1,2,12.786322699373056,0.0800771293506332,3,0.78515893,0.6577777777777777
0010_VJD,VF-001-20170331111633.wav,9,?,1.0,f,medium,0,3,12.786322699373056,0.0800771293506332,3,0.8470389,0.0
0010_VJD,VF-001-20170331111633.wav,11,fladt,2.0,f,medium,1,3,12.786322699373056,0.0800771293506332,3,0.8470389,0.0
0010_VJD,VF-001-20170331111633.wav,29,fattig,3.0,f,medium,0,4,12.786322699373056,0.0800771293506332,3,0.61900806,0.6597222222222222
0010_VJD,VF-001-20170331111633.wav,32,fi?,1.0,f,medium,1,4,12.786322699373056,0.0800771293506332,3,0.61900806,0.6597222222222222
0010_VJD,VF-001-20170331111633.wav,35,fjoget,3.0,f,medium,1,4,12.786322699373056,0.0800771293506332,3,0.61900806,0.6597222222222222
0010_VJD,VF-001-20170331111633.wav,52,farlig,3.0,f,medium,1,4,12.786322699373056,0.0800771293506332,3,0.61900806,0.6597222222222222
0010_VJD,VF-001-20170331111633.wav,56,farber?,2.0,f,medium,1,4,12.786322699373056,0.0800771293506332,3,0.61900806,0.6597222222222222
0010_VJD,VF-001-20170331125403.wav,0,so,3.0,s,high,0,1,11.564050585190683,0.0783133342858777,2,0.695302,0.6912037037037037
0010_VJD,VF-001-20170331125403.wav,1,svi,2.0,s,high,1,1,11.564050585190683,0.0783133342858777,2,0.695302,0.6912037037037037
0010_VJD,VF-001-20170331125403.wav,2,slog,3.0,s,high,1,1,11.564050585190683,0.0783133342858777,2,0.695302,0.6912037037037037
0010_VJD,VF-001-20170331125403.wav,3,satans,1.0,s,high,1,1,11.564050585190683,0.0783133342858777,2,0.695302,0.6912037037037037
0010_VJD,VF-001-20170331125403.wav,7,sme?,1.0,s,high,0,2,11.564050585190683,0.0783133342858777,2,0.83030295,0.5833333333333334
0010_VJD,VF-001-20170331125403.wav,9,svoger,3.0,s,high,1,2,11.564050585190683,0.0783133342858777,2,0.83030295,0.5833333333333334
0010_VJD,VF-001-20170331125403.wav,16,sagte?,2.0,s,high,0,3,11.564050585190683,0.0783133342858777,2,0.73744565,0.674074074074074
0010_VJD,VF-001-20170331125403.wav,17,sag,3.0,s,high,1,3,11.564050585190683,0.0783133342858777,2,0.73744565,0.674074074074074
0010_VJD,VF-001-20170331125403.wav,19,speciel,3.0,s,high,1,3,11.564050585190683,0.0783133342858777,2,0.73744565,0.674074074074074
0010_VJD,VF-001-20170331125403.wav,49,slagvok?,2.0,s,high,0,4,11.564050585190683,0.0783133342858777,2,0.7578341,0.7253703703703703
0010_VJD,VF-001-20170331125403.wav,51,slog,3.0,s,high,1,4,11.564050585190683,0.0783133342858777,2,0.7578341,0.7253703703703703
0010_VJD,VF-001-20170331125403.wav,53,slag,3.0,s,high,1,4,11.564050585190683,0.0783133342858777,2,0.7578341,0.7253703703703703
0010_VJD,VF-001-20170331125403.wav,60,suveræn,3.0,s,high,1,4,11.564050585190683,0.0783133342858777,2,0.7578341,0.7253703703703703
0010_VJD,VF-002-20170331100207.wav,2,trøje,3.0,t,medium,0,1,9.64752148150133,0.092581569094091,1,0.92077065,0.611111111111111
0010_VJD,VF-002-20170331100207.wav,3,tøj,3.0,t,medium,1,1,9.64752148150133,0.092581569094091,1,0.92077065,0.611111111111111
0010_VJD,VF-002-20170331100207.wav,25,tjene,1.0,t,medium,0,2,9.64752148150133,0.092581569094091,1,0.6866186,0.6743333333333333
0010_VJD,VF-002-20170331100207.wav,30,tærte,3.0,t,medium,1,2,9.64752148150133,0.092581569094091,1,0.6866186,0.6743333333333333
0010_VJD,VF-002-20170331100207.wav,31,terninger,3.0,t,medium,1,2,9.64752148150133,0.092581569094091,1,0.6866186,0.6743333333333333
0010_VJD,VF-002-20170331100207.wav,38,tallerken,3.0,t,medium,1,2,9.64752148150133,0.092581569094091,1,0.6866186,0.6743333333333333
0010_VJD,VF-002-20170331100207.wav,42,traktor,3.0,t,medium,1,2,9.64752148150133,0.092581569094091,1,0.6866186,0.6743333333333333
0010_VJD,VF-002-20170331111746.wav,1,dyr,3.0,d,high,0,1,13.162102158411413,0.0245099356536149,3,0.7533539,0.9111111111111111
0010_VJD,VF-002-20170331111746.wav,3,drive,2.0,d,high,1,1,13.162102158411413,0.0245099356536149,3,0.7533539,0.9111111111111111
0010_VJD,VF-002-20170331111746.wav,11,dreng,3.0,d,high,0,2,13.162102158411413,0.0245099356536149,3,0.994072,0.8483333333333334
0010_VJD,VF-002-20170331111746.wav,13,drenget,2.0,d,high,1,2,13.162102158411413,0.0245099356536149,3,0.994072,0.8483333333333334
0010_VJD,VF-002-20170331111746.wav,29,dengse,3.0,d,high,0,3,13.162102158411413,0.0245099356536149,3,0.88245106,0.6181481481481481
0010_VJD,VF-002-20170331111746.wav,32,drastisk,3.0,d,high,1,3,13.162102158411413,0.0245099356536149,3,0.88245106,0.6181481481481481
0010_VJD,VF-002-20170331111746.wav,35,drablig,3.0,d,high,1,3,13.162102158411413,0.0245099356536149,3,0.88245106,0.6181481481481481
0010_VJD,VF-002-20170331125516.wav,4,palads,3.0,p,high,0,1,15.481749511514982,0.0310519277559383,2,0.819925,0.88
0010_VJD,VF-002-20170331125516.wav,6,plastik,3.0,p,high,1,1,15.481749511514982,0.0310519277559383,2,0.819925,0.88
0010_VJD,VF-002-20170331125516.wav,14,positiv,3.0,p,high,0,2,15.481749511514982,0.0310519277559383,2,0.87463826,0.5
0010_VJD,VF-002-20170331125516.wav,15,primær,3.0,p,high,1,2,15.481749511514982,0.0310519277559383,2,0.87463826,0.5
0010_VJD,VF-002-20170331125516.wav,25,poppel?,1.0,p,high,0,3,15.481749511514982,0.0310519277559383,2,0.71935433,0.7185185185185184
0010_VJD,VF-002-20170331125516.wav,28,p,3.0,p,high,1,3,15.481749511514982,0.0310519277559383,2,0.71935433,0.7185185185185184
0010_VJD,VF-002-20170331125516.wav,30,pund,2.0,p,high,1,3,15.481749511514982,0.0310519277559383,2,0.71935433,0.7185185185185184
0010_VJD,VF-002-20170331125516.wav,41,pige,3.0,p,high,0,4,15.481749511514982,0.0310519277559383,2,0.790267,0.611111111111111
0010_VJD,VF-002-20170331125516.wav,48,pover?,2.0,p,high,1,4,15.481749511514982,0.0310519277559383,2,0.790267,0.611111111111111
0010_VJD,VF-003-20170331100320.wav,1,tæbe,1.0,t,medium,0,1,5.226481039347899,0.2279926730675902,1,0.83945924,0.7296296296296295
0010_VJD,VF-003-20170331100320.wav,2,træ,3.0,t,medium,1,1,5.226481039347899,0.2279926730675902,1,0.83945924,0.7296296296296295
0010_VJD,VF-003-20170331100320.wav,3,trappe,3.0,t,medium,1,1,5.226481039347899,0.2279926730675902,1,0.83945924,0.7296296296296295
0010_VJD,VF-003-20170331100320.wav,13,trama?,1.0,t,medium,0,2,5.226481039347899,0.2279926730675902,1,0.7302775,0.7407407407407408
0010_VJD,VF-003-20170331100320.wav,16,trænt?,2.0,t,medium,1,2,5.226481039347899,0.2279926730675902,1,0.7302775,0.7407407407407408
0010_VJD,VF-003-20170331100320.wav,48,traver,3.0,t,medium,1,2,5.226481039347899,0.2279926730675902,1,0.7302775,0.7407407407407408
0010_VJD,VF-003-20170331111859.wav,1,lal,2.0,l,medium,0,1,16.39845644020254,0.0288623956785608,3,0.79590726,0.611111111111111
0010_VJD,VF-003-20170331111859.wav,2,land,3.0,l,medium,1,1,16.39845644020254,0.0288623956785608,3,0.79590726,0.611111111111111
0010_VJD,VF-003-20170331111859.wav,11,langsom,3.0,l,medium,0,2,16.39845644020254,0.0288623956785608,3,0.8176463,0.662962962962963
0010_VJD,VF-003-20170331111859.wav,13,lavt,3.0,l,medium,1,2,16.39845644020254,0.0288623956785608,3,0.8176463,0.662962962962963
0010_VJD,VF-003-20170331111859.wav,15,lav,2.0,l,medium,1,2,16.39845644020254,0.0288623956785608,3,0.8176463,0.662962962962963
0010_VJD,VF-003-20170331111859.wav,21,larver,2.0,l,medium,0,3,16.39845644020254,0.0288623956785608,3,0.80273634,0.662962962962963
0010_VJD,VF-003-20170331111859.wav,25,lyng,3.0,l,medium,1,3,16.39845644020254,0.0288623956785608,3,0.80273634,0.662962962962963
0010_VJD,VF-003-20170331111859.wav,26,løv,3.0,l,medium,1,3,16.39845644020254,0.0288623956785608,3,0.80273634,0.662962962962963
0010_VJD,VF-003-20170331111859.wav,41,luftig,3.0,l,medium,0,4,16.39845644020254,0.0288623956785608,3,0.9693882,0.9416666666666667
0010_VJD,VF-003-20170331111859.wav,42,luft,3.0,l,medium,1,4,16.39845644020254,0.0288623956785608,3,0.9693882,0.9416666666666667
0010_VJD,VF-003-20170331125629.wav,1,mindst,3.0,m,high,0,1,5.567551969890789,0.2238332231769517,2,0.7382105,0.6533333333333333
0010_VJD,VF-003-20170331125629.wav,2,major,3.0,m,high,1,1,5.567551969890789,0.2238332231769517,2,0.7382105,0.6533333333333333
0010_VJD,VF-003-20170331125629.wav,3,minus,3.0,m,high,1,1,5.567551969890789,0.2238332231769517,2,0.7382105,0.6533333333333333
0010_VJD,VF-003-20170331125629.wav,18,moder,2.0,m,high,0,2,5.567551969890789,0.2238332231769517,2,0.7809822,0.5555555555555555
0010_VJD,VF-003-20170331125629.wav,33,minus,3.0,m,high,1,2,5.567551969890789,0.2238332231769517,2,0.7809822,0.5555555555555555
0011_1i1,VF-001-20170407100012.wav,0,?,1.0,s,high,0,1,5.682478628842733,0.1504455398314682,1,0.7793605,0.0
0011_1i1,VF-001-20170407100012.wav,1,slange,3.0,s,high,1,1,5.682478628842733,0.1504455398314682,1,0.7793605,0.0
0011_1i1,VF-001-20170407100012.wav,6,sol,3.0,s,high,0,2,5.682478628842733,0.1504455398314682,1,0.8878533,0.611111111111111
0011_1i1,VF-001-20170407100012.wav,8,sommer,3.0,s,high,1,2,5.682478628842733,0.1504455398314682,1,0.8878533,0.611111111111111
0011_1i1,VF-001-20170407100012.wav,20,strand,3.0,s,high,0,3,5.682478628842733,0.1504455398314682,1,0.8740522,0.6333333333333333
0011_1i1,VF-001-20170407100012.wav,26,sandal,3.0,s,high,1,3,5.682478628842733,0.1504455398314682,1,0.8740522,0.6333333333333333
0011_1i1,VF-001-20170407112538.wav,1,fanta,3.0,f,medium,0,1,3.517813249002975,0.3838070246701441,2,0.83440924,0.611111111111111
0011_1i1,VF-001-20170407112538.wav,2,far,3.0,f,medium,1,1,3.517813249002975,0.3838070246701441,2,0.83440924,0.611111111111111
0011_1i1,VF-001-20170407112538.wav,15,foran,2.0,f,medium,0,2,3.517813249002975,0.3838070246701441,2,0.83767074,0.5555555555555555
0011_1i1,VF-001-20170407112538.wav,44,fange,3.0,f,medium,1,2,3.517813249002975,0.3838070246701441,2,0.83767074,0.5555555555555555
0011_1i1,VF-001-20170407125837.wav,1,kilo,3.0,k,medium,0,1,11.639233972138904,0.0399886330805644,3,0.7648006,0.9407407407407407
0011_1i1,VF-001-20170407125837.wav,3,kold,2.0,k,medium,1,1,11.639233972138904,0.0399886330805644,3,0.7648006,0.9407407407407407
0011_1i1,VF-001-20170407125837.wav,5,kulde,3.0,k,medium,1,1,11.639233972138904,0.0399886330805644,3,0.7648006,0.9407407407407407
0011_1i1,VF-001-20170407125837.wav,22,kilde,3.0,k,medium,0,2,11.639233972138904,0.0399886330805644,3,0.753236,0.7407407407407408
0011_1i1,VF-001-20170407125837.wav,24,kime,2.0,k,medium,1,2,11.639233972138904,0.0399886330805644,3,0.753236,0.7407407407407408
0011_1i1,VF-001-20170407125837.wav,27,komme,3.0,k,medium,1,2,11.639233972138904,0.0399886330805644,3,0.753236,0.7407407407407408
0011_1i1,VF-001-20170407125837.wav,42,køre,3.0,k,medium,0,3,11.639233972138904,0.0399886330805644,3,0.70884514,0.7296296296296295
0011_1i1,VF-001-20170407125837.wav,48,kunne,3.0,k,medium,1,3,11.639233972138904,0.0399886330805644,3,0.70884514,0.7296296296296295
0011_1i1,VF-001-20170407125837.wav,58,kramme,3.0,k,medium,1,3,11.639233972138904,0.0399886330805644,3,0.70884514,0.7296296296296295
0011_1i1,VF-002-20170407100125.wav,31,pose,3.0,p,high,0,1,3.999938917231346,0.2419327451659513,1,0.66109705,0.7000000000000001
0011_1i1,VF-002-20170407100125.wav,55,præst,3.0,p,high,1,1,3.999938917231346,0.2419327451659513,1,0.66109705,0.7000000000000001
0011_1i1,VF-002-20170407100125.wav,56,hus,2.0,p,high,1,1,3.999938917231346,0.2419327451659513,1,0.66109705,0.7000000000000001
0011_1i1,VF-002-20170407112651.wav,2,bravo,3.0,b,high,0,1,21.400190683803547,0.0096868569681594,2,0.74708194,0.5555555555555555
0011_1i1,VF-002-20170407112651.wav,7,bump,3.0,b,high,1,1,21.400190683803547,0.0096868569681594,2,0.74708194,0.5555555555555555
0011_1i1,VF-002-20170407112651.wav,18,bat,3.0,b,high,0,2,21.400190683803547,0.0096868569681594,2,0.70190084,0.7944444444444444
0011_1i1,VF-002-20170407112651.wav,22,bil,3.0,b,high,1,2,21.400190683803547,0.0096868569681594,2,0.70190084,0.7944444444444444
0011_1i1,VF-002-20170407112651.wav,27,bille,3.0,b,high,1,2,21.400190683803547,0.0096868569681594,2,0.70190084,0.7944444444444444
0011_1i1,VF-002-20170407112651.wav,33,billet,3.0,b,high,1,2,21.400190683803547,0.0096868569681594,2,0.70190084,0.7944444444444444
0011_1i1,VF-002-20170407112651.wav,43,besked,3.0,b,high,0,3,21.400190683803547,0.0096868569681594,2,0.8676238,0.75
0011_1i1,VF-002-20170407112651.wav,47,blok,3.0,b,high,1,3,21.400190683803547,0.0096868569681594,2,0.8676238,0.75
0011_1i1,VF-002-20170407125950.wav,2,tulipan,3.0,t,high,0,1,10.948129039542463,0.0490545701827752,3,0.7585478,0.5277777777777778
0011_1i1,VF-002-20170407125950.wav,3,tango,3.0,t,high,1,1,10.948129039542463,0.0490545701827752,3,0.7585478,0.5277777777777778
0011_1i1,VF-002-20170407125950.wav,26,takke,3.0,t,high,0,2,10.948129039542463,0.0490545701827752,3,0.8595087,0.7407407407407408
0011_1i1,VF-002-20170407125950.wav,32,tynd,2.0,t,high,1,2,10.948129039542463,0.0490545701827752,3,0.8595087,0.7407407407407408
0011_1i1,VF-002-20170407125950.wav,34,tyk,3.0,t,high,1,2,10.948129039542463,0.0490545701827752,3,0.8595087,0.7407407407407408
0011_1i1,VF-002-20170407125950.wav,51,tæmme,3.0,t,high,0,3,10.948129039542463,0.0490545701827752,3,0.94771737,0.611111111111111
0011_1i1,VF-002-20170407125950.wav,55,tønde,3.0,t,high,1,3,10.948129039542463,0.0490545701827752,3,0.94771737,0.611111111111111
0011_1i1,VF-003-20170407100238.wav,41,mad,3.0,m,medium,0,1,3.9509261981111807,0.0492395598273207,1,0.8267579,0.5833333333333334
0011_1i1,VF-003-20170407100238.wav,53,maskine,3.0,m,medium,1,1,3.9509261981111807,0.0492395598273207,1,0.8267579,0.5833333333333334
0011_1i1,VF-003-20170407112804.wav,2,london,3.0,l,high,0,1,8.001271253383493,0.0502144631863271,2,0.7443976,0.8666666666666667
0011_1i1,VF-003-20170407112804.wav,4,line,3.0,l,high,1,1,8.001271253383493,0.0502144631863271,2,0.7443976,0.8666666666666667
0011_1i1,VF-003-20170407112804.wav,11,lille,3.0,l,high,0,2,8.001271253383493,0.0502144631863271,2,0.785397,0.611111111111111
0011_1i1,VF-003-20170407112804.wav,13,lampe,3.0,l,high,1,2,8.001271253383493,0.0502144631863271,2,0.785397,0.611111111111111
0011_1i1,VF-003-20170407112804.wav,32,lægte,3.0,l,high,0,3,8.001271253383493,0.0502144631863271,2,0.9808143,1.0
0011_1i1,VF-003-20170407112804.wav,33,lygte,3.0,l,high,1,3,8.001271253383493,0.0502144631863271,2,0.9808143,1.0
0011_1i1,VF-003-20170407130103.wav,4,dukke,3.0,d,high,0,1,5.150501014168554,0.1274698861328683,3,0.79143864,0.611111111111111
0011_1i1,VF-003-20170407130103.wav,6,danse,3.0,d,high,1,1,5.150501014168554,0.1274698861328683,3,0.79143864,0.611111111111111
0011_1i1,VF-003-20170407130103.wav,26,dør,3.0,d,high,0,2,5.150501014168554,0.1274698861328683,3,0.86340755,0.6666666666666666
0011_1i1,VF-003-20170407130103.wav,34,dykke,3.0,d,high,1,2,5.150501014168554,0.1274698861328683,3,0.86340755,0.6666666666666666
0011_1i1,VF-003-20170407130103.wav,52,dille,3.0,d,high,1,2,5.150501014168554,0.1274698861328683,3,0.86340755,0.6666666666666666
